X;time;peak;backend
[1, 16, 1, 1];0.0038788944366388023;0.12872789216573388;jir
[1, 16, 1, 1];0.0038857465842738748;0.12850089266827794;mlir
[1, 16, 1, 1];0.0038804623764008284;0.12867587836917294;tvm
[1, 16, 1, 4];0.00387943466193974;0.12870996634139492;jir
[1, 16, 1, 4];0.003885268699377775;0.12851669817376365;mlir
[1, 16, 1, 4];0.003893509041517973;0.1282447014858434;tvm
[1, 16, 2, 1];0.003869532374665141;0.12903934026527294;jir
[1, 16, 2, 1];0.003885146987158805;0.12852072428977962;mlir
[1, 16, 2, 1];0.0038979800301603973;0.1280976046307139;tvm
[1, 16, 2, 4];0.003869074920658022;0.129054597029355;jir
[1, 16, 2, 4];0.0038842997746542096;0.12854875620570652;mlir
[1, 16, 2, 4];0.0038976011564955115;0.12811005659975352;tvm
[1, 16, 4, 1];0.0038683597231283784;0.1290784571498171;jir
[1, 16, 4, 1];0.0038772159605287015;0.12878361944373526;mlir
[1, 16, 4, 1];0.0038902988890185952;0.1283505249870065;tvm
[1, 16, 4, 4];0.0038693929673172534;0.12904398932323927;jir
[1, 16, 4, 4];0.0038768879021517932;0.1287945169848129;mlir
[1, 16, 4, 4];0.003897353424690664;0.12811819980158365;tvm
[1, 16, 8, 1];0.0038590983604080975;0.12938822961462473;jir
[1, 16, 8, 1];0.003868804720696062;0.12906361029048488;mlir
[1, 16, 8, 1];0.00385811721207574;0.1294211340181809;tvm
[1, 16, 8, 4];0.003859035554341972;0.12939033541686226;jir
[1, 16, 8, 4];0.0038674448733218014;0.1291089908498244;mlir
[1, 16, 8, 4];0.0038576076622121036;0.1294382292043598;tvm
[1, 16, 16, 1];0.0038586222799494863;0.1294041936565093;jir
[1, 16, 16, 1];0.003867229912430048;0.12911616740369758;mlir
[1, 16, 16, 1];0.003858271287754178;0.12941596573229822;tvm
[1, 16, 16, 4];0.003857664589304477;0.12943631909997927;jir
[1, 16, 16, 4];0.003869105887133628;0.12905356413799784;mlir
[1, 16, 16, 4];0.00385746278334409;0.12944309065479445;tvm
[1, 16, 32, 1];0.0038559866952709854;0.1294926420192988;jir
[1, 16, 32, 1];0.00386544584762305;0.12917575991109773;mlir
[1, 16, 32, 1];0.0038580253021791577;0.12942421722321754;tvm
[1, 16, 32, 4];0.0038562797126360238;0.12948280258969727;jir
[1, 16, 32, 4];0.0038679110002703965;0.12909343175864138;mlir
[1, 16, 32, 4];0.0038575028302147985;0.12944174683446724;tvm
[1, 16, 64, 1];0.003855458169709891;0.12951039352074642;jir
[1, 16, 64, 1];0.0038649268681183457;0.12919310553604382;mlir
[1, 16, 64, 1];0.003861274919472635;0.12931529486382728;tvm
[1, 16, 64, 4];0.0038554545608349144;0.12951051474816877;jir
[1, 16, 64, 4];0.003872324770782143;0.1289462879067993;mlir
[1, 16, 64, 4];0.003855828719679266;0.1294979474097177;tvm
[1, 16, 128, 1];0.0038495096378028393;0.1297105220515566;jir
[1, 16, 128, 1];0.00393776420969516;0.12680340370114732;mlir
[1, 16, 128, 1];0.0038562925765290856;0.12948237065853727;tvm
[1, 16, 128, 4];0.003849080065265298;0.1297249982581199;jir
[1, 16, 128, 4];0.003929319267626852;0.12707593116083815;mlir
[1, 16, 128, 4];0.0038576896768063307;0.12943547734385905;tvm
[1, 16, 256, 1];0.0038508756551891565;0.12966450996387155;jir
[1, 16, 256, 1];0.003935851447749883;0.12686502816242365;mlir
[1, 16, 256, 1];0.0038564351852983236;0.1294775824744682;tvm
[1, 16, 256, 4];0.003850599576253444;0.12967380660435612;jir
[1, 16, 256, 4];0.0039597381255589426;0.12609972905504258;mlir
[1, 16, 256, 4];0.0038622592110186815;0.12928233903550126;tvm
[1, 16, 512, 1];0.004096131946425885;0.12190083505429858;jir
[1, 16, 512, 1];0.0041035181493498385;0.12168141740545667;mlir
[1, 16, 512, 1];0.004228527075611055;0.1180841214525625;tvm
[1, 16, 512, 4];0.004097450408153236;0.12186161027558462;jir
[1, 16, 512, 4];0.004102873441297561;0.12170053790496421;mlir
[1, 16, 512, 4];0.0041252413066104054;0.12104065378230772;tvm
[1, 32, 1, 1];0.0019940031925216317;0.2504117880224948;jir
[1, 32, 1, 1];0.0020036169153172523;0.24921026616649533;mlir
[1, 32, 1, 1];0.0019973218149971217;0.24999571977469456;tvm
[1, 32, 1, 4];0.0019940271449740976;0.2504087800511818;jir
[1, 32, 1, 4];0.002006197231821716;0.2488897386766397;mlir
[1, 32, 1, 4];0.001997629791731015;0.24995717766565004;tvm
[1, 32, 2, 1];0.0019934293522965163;0.2504838730234731;jir
[1, 32, 2, 1];0.0020071067847311497;0.2487769502651492;mlir
[1, 32, 2, 1];0.002001911692786962;0.24942254274301864;tvm
[1, 32, 2, 4];0.0019931237620767206;0.250522277774482;jir
[1, 32, 2, 4];0.0020034244225826114;0.24923421075112465;mlir
[1, 32, 2, 4];0.002017483755480498;0.24749736071256878;tvm
[1, 32, 4, 1];0.001996778621105477;0.25006372738779875;jir
[1, 32, 4, 1];0.0020056184439454228;0.24896156408476486;mlir
[1, 32, 4, 1];0.002001020358875394;0.24953364544603227;tvm
[1, 32, 4, 4];0.0019970284774899483;0.25003244089413246;jir
[1, 32, 4, 4];0.002005302783800289;0.2490007537991993;mlir
[1, 32, 4, 4];0.0020005607802886516;0.24959096953298263;tvm
[1, 32, 8, 1];0.0019851222168654203;0.251532072191682;jir
[1, 32, 8, 1];0.0019936210883315653;0.2504597827964293;mlir
[1, 32, 8, 1];0.0019998349889647216;0.24968155248668528;tvm
[1, 32, 8, 4];0.001985042617889121;0.25154215847157974;jir
[1, 32, 8, 4];0.0019944763625971973;0.25035238026671336;mlir
[1, 32, 8, 4];0.002000792243052274;0.2495620954628317;tvm
[1, 32, 16, 1];0.0019851413089782;0.2515296530799199;jir
[1, 32, 16, 1];0.0019938225741498172;0.2504344725732779;mlir
[1, 32, 16, 1];0.0019875951984431595;0.25121911400923735;tvm
[1, 32, 16, 4];0.001984210073715076;0.2516477017108448;jir
[1, 32, 16, 4];0.00199487543432042;0.2503022976630143;mlir
[1, 32, 16, 4];0.0019879501778632402;0.25117425492956963;tvm
[1, 32, 32, 1];0.0019834884151350707;0.25173925945410786;jir
[1, 32, 32, 1];0.001995976286707446;0.2501642469839078;mlir
[1, 32, 32, 1];0.001987962139537558;0.25117274360066916;tvm
[1, 32, 32, 4];0.001983722351724282;0.25170957232391244;jir
[1, 32, 32, 4];0.001995437516598031;0.25023179157881403;mlir
[1, 32, 32, 4];0.0019916750316042453;0.2507045059252027;tvm
[1, 32, 64, 1];0.0019826505158562213;0.2518456484229492;jir
[1, 32, 64, 1];0.0019940018246416003;0.25041195980432585;mlir
[1, 32, 64, 1];0.001992560486542061;0.2505930977425134;tvm
[1, 32, 64, 4];0.0019828836084343493;0.2518160433814674;jir
[1, 32, 64, 4];0.0019939951598644257;0.25041279678725714;mlir
[1, 32, 64, 4];0.0019928702677134424;0.2505541443672654;tvm
[1, 32, 128, 1];0.0019814036204479635;0.25200413464926247;jir
[1, 32, 128, 1];0.0020159595587756485;0.24768448483418867;mlir
[1, 32, 128, 1];0.0020259214215911925;0.24646657044068818;tvm
[1, 32, 128, 4];0.001981515029910952;0.2519899658718935;jir
[1, 32, 128, 4];0.002012894197832793;0.24806167422982578;mlir
[1, 32, 128, 4];0.001992975070606917;0.25054096868850806;tvm
[1, 32, 256, 1];0.002165214507840574;0.2306108253726287;jir
[1, 32, 256, 1];0.002020959131186828;0.2470717477936692;mlir
[1, 32, 256, 1];0.0020180040737614036;0.24743354647010565;tvm
[1, 32, 256, 4];0.0021650080161634833;0.23063282031016746;jir
[1, 32, 256, 4];0.0020203367166686803;0.24714786433482896;mlir
[1, 32, 256, 4];0.0020157484395895153;0.24771042604085364;tvm
[1, 32, 512, 1];0.003256586962379515;0.15332675298714007;jir
[1, 32, 512, 1];0.0025401201855856925;0.1965741257423112;mlir
[1, 32, 512, 1];0.003342103271279484;0.14940349361818056;tvm
[1, 32, 512, 4];0.0032584620057605207;0.1532385229225233;jir
[1, 32, 512, 4];0.0025409475492779166;0.19651011879556565;mlir
[1, 32, 512, 4];0.0033194569987244904;0.15042276642046287;tvm
[1, 64, 1, 1];0.0015609554247930646;0.31988223163265517;jir
[1, 64, 1, 1];0.0015767981531098485;0.31666824556910755;mlir
[1, 64, 1, 1];0.0015687357808928937;0.3182957326808091;tvm
[1, 64, 1, 4];0.0015612916904501617;0.31981333649315524;jir
[1, 64, 1, 4];0.0015754875203128904;0.3169316788131333;mlir
[1, 64, 1, 4];0.0015654437593184412;0.318965086921614;tvm
[1, 64, 2, 1];0.0015605529333697632;0.31996473434816425;jir
[1, 64, 2, 1];0.00157105628750287;0.3178255984421517;mlir
[1, 64, 2, 1];0.0015650351997464895;0.3190483542113218;tvm
[1, 64, 2, 4];0.0015606798697263002;0.3199387103323579;jir
[1, 64, 2, 4];0.0015701173397246748;0.3180156617144694;mlir
[1, 64, 2, 4];0.0015691680018790066;0.3182080594072717;tvm
[1, 64, 4, 1];0.0015607938985340297;0.3199153361830099;jir
[1, 64, 4, 1];0.00157008453970775;0.3180223052542424;mlir
[1, 64, 4, 1];0.0015710883308202028;0.31781911619267683;tvm
[1, 64, 4, 4];0.0015641727950423956;0.3192242611203138;jir
[1, 64, 4, 4];0.0015918046119622886;0.31368291121255665;mlir
[1, 64, 4, 4];0.0015657756302971393;0.3188974812867331;tvm
[1, 64, 8, 1];0.0015605906810378656;0.3199569950205216;jir
[1, 64, 8, 1];0.0015697940834797919;0.31808114835994833;mlir
[1, 64, 8, 1];0.0015640355413779616;0.3192522749975281;tvm
[1, 64, 8, 4];0.001560961827635765;0.31988091952138153;jir
[1, 64, 8, 4];0.0015709234867244959;0.31785246638780085;mlir
[1, 64, 8, 4];0.0015640778001397848;0.3192436493359086;tvm
[1, 64, 16, 1];0.0015601197810610756;0.32005356949086544;jir
[1, 64, 16, 1];0.001569878775626421;0.3180639884520146;mlir
[1, 64, 16, 1];0.0015664503443986177;0.31876012319662866;tvm
[1, 64, 16, 4];0.0015604463696945459;0.31998658490239945;jir
[1, 64, 16, 4];0.001571532222442329;0.3177293456865334;mlir
[1, 64, 16, 4];0.0015633237198926508;0.3193976387668396;tvm
[1, 64, 32, 1];0.0015591298579238355;0.32025677798692825;jir
[1, 64, 32, 1];0.0015717766364105046;0.31767993822723783;mlir
[1, 64, 32, 1];0.0015681579534430057;0.3184130167918397;tvm
[1, 64, 32, 4];0.0015592249255860224;0.3202372515782087;jir
[1, 64, 32, 4];0.0015737589565105736;0.31727978588857675;mlir
[1, 64, 32, 4];0.0015631525311619043;0.31943261761586034;tvm
[1, 64, 64, 1];0.00156067666830495;0.31993936662372097;jir
[1, 64, 64, 1];0.0015757710789330304;0.3168746472361965;mlir
[1, 64, 64, 1];0.00157281564315781;0.31747007790397774;tvm
[1, 64, 64, 4];0.0015606324741384014;0.31994842670281604;jir
[1, 64, 64, 4];0.0015760238165967166;0.3168238319140037;mlir
[1, 64, 64, 4];0.001572111010318622;0.3176123705543583;tvm
[1, 64, 128, 1];0.0015931617526803166;0.31341569926710294;jir
[1, 64, 128, 1];0.0015925249899737537;0.31354101687919766;mlir
[1, 64, 128, 1];0.0016123981040436774;0.30967656406297717;tvm
[1, 64, 128, 4];0.0015924113104119897;0.31356340004437666;jir
[1, 64, 128, 4];0.0015900889120530337;0.3140213738848152;mlir
[1, 64, 128, 4];0.0016103644738905132;0.3100676355307209;tvm
[1, 64, 256, 1];0.0015740421076770872;0.31722271108667194;jir
[1, 64, 256, 1];0.0016145573172252625;0.30926242099600826;mlir
[1, 64, 256, 1];0.0015826142043806612;0.315504500957837;tvm
[1, 64, 256, 4];0.0015733188192825764;0.3173685451684818;jir
[1, 64, 256, 4];0.001588662271387875;0.31430336941639014;mlir
[1, 64, 256, 4];0.0015832747449167073;0.3153728728163178;tvm
[1, 128, 1, 1];0.001473903888836503;0.3387750779028533;jir
[1, 128, 1, 1];0.0014881665701977909;0.33552823639597035;mlir
[1, 128, 1, 1];0.0014779127814108506;0.33785613809039544;tvm
[1, 128, 1, 4];0.0014735467120772228;0.33885719446112633;jir
[1, 128, 1, 4];0.0014885265118209645;0.33544710208155276;mlir
[1, 128, 1, 4];0.0014781254285480827;0.33780753318909706;tvm
[1, 128, 2, 1];0.0014733353746123612;0.33890580065199194;jir
[1, 128, 2, 1];0.0014830071741016582;0.33669554232896576;mlir
[1, 128, 2, 1];0.0014779414050281048;0.3378495947560313;tvm
[1, 128, 2, 4];0.001473831565817818;0.3387917020794943;jir
[1, 128, 2, 4];0.0014843033713987097;0.33640151628260245;mlir
[1, 128, 2, 4];0.0014779238408664241;0.3378536098782873;tvm
[1, 128, 4, 1];0.001473850046750158;0.338787453895266;jir
[1, 128, 4, 1];0.001485144573962316;0.3362109746862763;mlir
[1, 128, 4, 1];0.0014781424542889;0.3378036422085698;tvm
[1, 128, 4, 4];0.001473848125897348;0.3387878954338624;jir
[1, 128, 4, 4];0.0014860215305816382;0.33601256407534486;mlir
[1, 128, 4, 4];0.001479996382840909;0.337380489946494;tvm
[1, 128, 8, 1];0.0014737417077412829;0.3388123591393678;jir
[1, 128, 8, 1];0.0014856023190077394;0.3361073810758527;mlir
[1, 128, 8, 1];0.001487634508521296;0.3356482401434941;tvm
[1, 128, 8, 4];0.001473716474720277;0.3388181602955073;jir
[1, 128, 8, 4];0.0014860126248095185;0.33601457782090466;mlir
[1, 128, 8, 4];0.0014916517538949847;0.3347442883086356;tvm
[1, 128, 16, 1];0.0014712600386701524;0.33938385576844293;jir
[1, 128, 16, 1];0.0014861986710457131;0.33597251463734246;mlir
[1, 128, 16, 1];0.0014820230135228485;0.3369191302738206;tvm
[1, 128, 16, 4];0.0014716563746333122;0.33929245533714975;jir
[1, 128, 16, 4];0.0014813699963269755;0.33706765089070423;mlir
[1, 128, 16, 4];0.0014835314505035058;0.3365765549442424;tvm
[1, 128, 32, 1];0.0014684012421639636;0.3400445943685397;jir
[1, 128, 32, 1];0.001487061832449399;0.335777500212921;mlir
[1, 128, 32, 1];0.0014821324439253658;0.33689425449690014;tvm
[1, 128, 32, 4];0.0014686272625112906;0.33999226182692904;jir
[1, 128, 32, 4];0.0014775505114812404;0.33793897459474054;mlir
[1, 128, 32, 4];0.001483868676587008;0.336500064082744;tvm
[1, 128, 64, 1];0.0014678329462185502;0.34017624829055937;jir
[1, 128, 64, 1];0.0014913502818671986;0.3348119558717918;mlir
[1, 128, 64, 1];0.0014907125878380612;0.3349551810560997;tvm
[1, 128, 64, 4];0.0014679452287964523;0.34015022833739633;jir
[1, 128, 64, 4];0.0014825865800958127;0.33679105926456987;mlir
[1, 128, 64, 4];0.001491517192334868;0.3347744882378798;tvm
[1, 128, 128, 1];0.0014965422451496124;0.3336503906790727;jir
[1, 128, 128, 1];0.0014994504454080015;0.3330032721595137;mlir
[1, 128, 128, 1];0.0015083774633239955;0.3310324616369926;tvm
[1, 128, 128, 4];0.0014964438159950078;0.33367233665895984;jir
[1, 128, 128, 4];0.0015211660211207345;0.3282494466935465;mlir
[1, 128, 128, 4];0.00148882252688054;0.33538040682935566;tvm
[1, 256, 1, 1];0.0014474717900156975;0.3449614066444015;jir
[1, 256, 1, 1];0.0014563768781954423;0.34285212312667396;mlir
[1, 256, 1, 1];0.0014522725396091118;0.343821074311782;tvm
[1, 256, 1, 4];0.0014467138826148584;0.34514212572523806;jir
[1, 256, 1, 4];0.0014563114091288298;0.3428675361821142;mlir
[1, 256, 1, 4];0.0014522905985359102;0.34381679896935463;tvm
[1, 256, 2, 1];0.0013965381804155186;0.3575426091203172;jir
[1, 256, 2, 1];0.001406995186698623;0.35488529703752214;mlir
[1, 256, 2, 1];0.0014023534749867395;0.3560599475582476;tvm
[1, 256, 2, 4];0.0013963460369268432;0.35759180858982526;jir
[1, 256, 2, 4];0.0014078517706366256;0.3546693729952218;mlir
[1, 256, 2, 4];0.0014027246506884694;0.3559657303497399;tvm
[1, 256, 4, 1];0.001396695341099985;0.3575023772676563;jir
[1, 256, 4, 1];0.0014082081615924835;0.354579612858686;mlir
[1, 256, 4, 1];0.0014032991166459396;0.35582000931871643;tvm
[1, 256, 4, 4];0.0013968038256280124;0.35747461139534487;jir
[1, 256, 4, 4];0.0014055337669560686;0.35525429306709183;mlir
[1, 256, 4, 4];0.0014024989650351927;0.3560230112179622;tvm
[1, 256, 8, 1];0.0013962633383926004;0.35761298820373794;jir
[1, 256, 8, 1];0.001425643262336962;0.3502432326186564;mlir
[1, 256, 8, 1];0.0014003805117681623;0.35656159205718024;tvm
[1, 256, 8, 4];0.0013992059393785894;0.35686090996988046;jir
[1, 256, 8, 4];0.0014085025322856382;0.35450550731466096;mlir
[1, 256, 8, 4];0.001400432622176595;0.35654832432126826;tvm
[1, 256, 16, 1];0.001398044842062518;0.35715728833508764;jir
[1, 256, 16, 1];0.001408165117027238;0.3545904515913715;mlir
[1, 256, 16, 1];0.0013975405308883637;0.3572861707592156;tvm
[1, 256, 16, 4];0.0013930395361967385;0.3584405839084424;jir
[1, 256, 16, 4];0.0014095514197833836;0.35424170963457247;mlir
[1, 256, 16, 4];0.0013974721950944513;0.3573036419004794;tvm
[1, 256, 32, 1];0.0013916289462940767;0.35880390824839087;jir
[1, 256, 32, 1];0.0014060324610909447;0.35512829083226105;mlir
[1, 256, 32, 1];0.0013979581417515874;0.3571794389610792;tvm
[1, 256, 32, 4];0.0013924140221206471;0.35860160615262787;jir
[1, 256, 32, 4];0.0014123392902547494;0.35354245839315285;mlir
[1, 256, 32, 4];0.0013968777057016268;0.3574557047648665;tvm
[1, 256, 64, 1];0.001391631391015835;0.35880327792650596;jir
[1, 256, 64, 1];0.0014264596829889342;0.35004277423084956;mlir
[1, 256, 64, 1];0.0014140337880235165;0.35311879319364653;tvm
[1, 256, 64, 4];0.0013921449281042442;0.35867092188588245;jir
[1, 256, 64, 4];0.0013998912763781846;0.3566862035555764;mlir
[1, 256, 64, 4];0.0014264876081142575;0.350035921743465;tvm
[2, 16, 1, 1];0.0019889380782842636;0.25104949732403914;jir
[2, 16, 1, 1];0.0019992289307992905;0.24975724243960204;mlir
[2, 16, 1, 1];0.001989931450225413;0.2509241736469582;tvm
[2, 16, 1, 4];0.001989189739106223;0.2510177359884526;jir
[2, 16, 1, 4];0.002001088490942493;0.24952514944840298;mlir
[2, 16, 1, 4];0.001988458738196641;0.2511100155966758;tvm
[2, 16, 2, 1];0.001994274673052132;0.25037769947592975;jir
[2, 16, 2, 1];0.0020005467522423714;0.24959271969136695;mlir
[2, 16, 2, 1];0.0019912654533982277;0.2507560726822125;tvm
[2, 16, 2, 4];0.0019925226806662977;0.2505978524645612;jir
[2, 16, 2, 4];0.001998944499064237;0.24979278063780744;mlir
[2, 16, 2, 4];0.001990625460166484;0.2508366916597884;tvm
[2, 16, 4, 1];0.0019950685382355005;0.25027807074914843;jir
[2, 16, 4, 1];0.002007062401389703;0.24878245161494283;mlir
[2, 16, 4, 1];0.001994658639887348;0.2503295023904967;tvm
[2, 16, 4, 4];0.001992785168113187;0.2505648439940336;jir
[2, 16, 4, 4];0.0020034945337101817;0.24922548894467556;mlir
[2, 16, 4, 4];0.001989751064684242;0.25094692176538336;tvm
[2, 16, 8, 1];0.0019831529061775655;0.25178184859397673;jir
[2, 16, 8, 1];0.001991489698411897;0.2507278371362335;mlir
[2, 16, 8, 1];0.001986992225283757;0.2512953490246284;tvm
[2, 16, 8, 4];0.0019765195611398667;0.2526268469986423;jir
[2, 16, 8, 4];0.0019883114146068692;0.2511286215497743;mlir
[2, 16, 8, 4];0.0019766237819567323;0.25261352682279664;tvm
[2, 16, 16, 1];0.0019937260367441922;0.2504465987600336;jir
[2, 16, 16, 1];0.002001097484026104;0.24952402806348795;mlir
[2, 16, 16, 1];0.001996612991206348;0.25008447153307156;tvm
[2, 16, 16, 4];0.0019761494477279484;0.252674161529632;jir
[2, 16, 16, 4];0.0019888313254341483;0.25106297269976185;mlir
[2, 16, 16, 4];0.001973552949493751;0.25300659143195986;tvm
[2, 16, 32, 1];0.0019768804777413607;0.25258072523048714;jir
[2, 16, 32, 1];0.0019842998881358653;0.2516363115007726;mlir
[2, 16, 32, 1];0.0019771789957303554;0.25254259014493474;tvm
[2, 16, 32, 4];0.0019759241840802133;0.25270296744423804;jir
[2, 16, 32, 4];0.0019870579708367586;0.2512870344450183;mlir
[2, 16, 32, 4];0.0019784529868047684;0.2523799696490727;tvm
[2, 16, 64, 1];0.0019746908510569483;0.2528607981824821;jir
[2, 16, 64, 1];0.001983643276616931;0.2517196063666697;mlir
[2, 16, 64, 1];0.001975246734218672;0.2527896369156213;tvm
[2, 16, 64, 4];0.0019756803812924773;0.2527341514801355;jir
[2, 16, 64, 4];0.0019902090716641396;0.25088917132931676;mlir
[2, 16, 64, 4];0.0019723650766536593;0.2531589667005567;tvm
[2, 16, 128, 1];0.0038042846717871726;0.13125250811667938;jir
[2, 16, 128, 1];0.002023713488597423;0.24673547296854276;mlir
[2, 16, 128, 1];0.0033359694061800838;0.1496782026348566;tvm
[2, 16, 128, 4];0.001972725323867053;0.2531127363352869;jir
[2, 16, 128, 4];0.0019817764114122838;0.2519567302782004;mlir
[2, 16, 128, 4];0.0019935374439228326;0.2504702915333016;tvm
[2, 16, 256, 1];0.003994485945440829;0.12500279424735838;jir
[2, 16, 256, 1];0.002053802745649591;0.24312067252786526;mlir
[2, 16, 256, 1];0.003715979808475822;0.13437153334983026;tvm
[2, 16, 256, 4];0.0019762592564802617;0.25266012195748155;jir
[2, 16, 256, 4];0.0019973436428699642;0.24999298770863176;mlir
[2, 16, 256, 4];0.002008473064051941;0.24860771782249394;tvm
[2, 16, 512, 1];0.009324937127530575;0.053546945993633195;jir
[2, 16, 512, 1];0.005236390745267272;0.095356120093444;mlir
[2, 16, 512, 1];0.005226842069532722;0.09553032177353389;tvm
[2, 16, 512, 4];0.004014857113361359;0.12436853682791653;jir
[2, 16, 512, 4];0.004411207162775099;0.11319393679252651;mlir
[2, 16, 512, 4];0.004000955086667091;0.12480067732473701;tvm
[2, 32, 1, 1];0.0010507886327104643;0.4751877677567993;jir
[2, 32, 1, 1];0.001071965802111663;0.46580021841955377;mlir
[2, 32, 1, 1];0.001051642990205437;0.4748017239808378;tvm
[2, 32, 1, 4];0.001046601595589891;0.4770888052014428;jir
[2, 32, 1, 4];0.0010588018194539472;0.4715914683820798;mlir
[2, 32, 1, 4];0.0010511669679544866;0.4750167385240024;tvm
[2, 32, 2, 1];0.0010517187765799463;0.47476750998554496;jir
[2, 32, 2, 1];0.0010639577376423404;0.46930614543804056;mlir
[2, 32, 2, 1];0.0010553546453593299;0.47313185852505;tvm
[2, 32, 2, 4];0.0010475884046172723;0.47663939631360075;jir
[2, 32, 2, 4];0.0010541258670855314;0.4736833810391544;mlir
[2, 32, 2, 4];0.0010500246717128903;0.4755334976533152;tvm
[2, 32, 4, 1];0.0010743994498625398;0.46474512326471196;jir
[2, 32, 4, 1];0.001085485186195001;0.45999881998592707;mlir
[2, 32, 4, 1];0.0010772444366011769;0.4635177382185603;tvm
[2, 32, 4, 4];0.0010503081284696236;0.4754051608545138;jir
[2, 32, 4, 4];0.0010749480134109035;0.46450795622898355;mlir
[2, 32, 4, 4];0.0010546772537054494;0.4734357387604716;tvm
[2, 32, 8, 1];0.0010865502699743956;0.459547909158102;jir
[2, 32, 8, 1];0.0010946920810965821;0.45613000530863507;mlir
[2, 32, 8, 1];0.001090096338884905;0.4580530059138419;tvm
[2, 32, 8, 4];0.0010408061207272112;0.4797453577742496;jir
[2, 32, 8, 4];0.0010550567676546052;0.47326543942455257;mlir
[2, 32, 8, 4];0.0010475710150785744;0.4766473084638109;tvm
[2, 32, 16, 1];0.001038657544995658;0.4807377630554757;jir
[2, 32, 16, 1];0.001256745876162313;0.39731334252448003;mlir
[2, 32, 16, 1];0.0010481001809239388;0.4764066583041081;tvm
[2, 32, 16, 4];0.0010394163255114108;0.48038682143676137;jir
[2, 32, 16, 4];0.001057197034242563;0.47230732643858375;mlir
[2, 32, 16, 4];0.0010415254218969494;0.47941403470736277;tvm
[2, 32, 32, 1];0.0010439374746056274;0.478306332427175;jir
[2, 32, 32, 1];0.001314691806328483;0.3798014883475637;mlir
[2, 32, 32, 1];0.0010445442603668198;0.4780284796994188;tvm
[2, 32, 32, 4];0.001038749105646275;0.48069538837411885;jir
[2, 32, 32, 4];0.0010480581113370135;0.47642578151026094;mlir
[2, 32, 32, 4];0.0010463302896823734;0.47721251089221567;tvm
[2, 32, 64, 1];0.0010480823693796992;0.47641475455543175;jir
[2, 32, 64, 1];0.0013218984386185184;0.37773091349115523;mlir
[2, 32, 64, 1];0.001059707734384574;0.47118831783547027;tvm
[2, 32, 64, 4];0.00104288654983975;0.4787883253826897;jir
[2, 32, 64, 4];0.0010490709828445688;0.4759657953821078;mlir
[2, 32, 64, 4];0.0010528210405027494;0.4742704463082022;tvm
[2, 32, 128, 1];0.0030187608499545604;0.16540624765602774;jir
[2, 32, 128, 1];0.0011726502707460895;0.4258063271022955;mlir
[2, 32, 128, 1];0.0019114137103315443;0.26123172710490544;tvm
[2, 32, 128, 4];0.0010623324051266536;0.4700241679085131;jir
[2, 32, 128, 4];0.001046697361744009;0.477045154608906;mlir
[2, 32, 128, 4];0.0010744697065092623;0.4647147348472969;tvm
[2, 32, 256, 1];0.0035019947681576014;0.14258213898606076;jir
[2, 32, 256, 1];0.0015132598782656714;0.3299644112247075;mlir
[2, 32, 256, 1];0.0021591127733699977;0.2312625402991575;tvm
[2, 32, 256, 4];0.0010473721922608092;0.4767377904926916;jir
[2, 32, 256, 4];0.0013866872468497604;0.3600825679303326;mlir
[2, 32, 256, 4];0.0014341286441776901;0.3481709306825882;tvm
[2, 64, 1, 1];0.0008585664909332991;0.5815762786398991;jir
[2, 64, 1, 1];0.0008652617107145488;0.5770761592461495;mlir
[2, 64, 1, 1];0.0008598819404141977;0.5806865818363225;tvm
[2, 64, 1, 4];0.0008585586765548214;0.5815815719964035;jir
[2, 64, 1, 4];0.0008748938416829333;0.5707228477016324;mlir
[2, 64, 1, 4];0.0008601844892837107;0.5804823395242782;tvm
[2, 64, 2, 1];0.0008686949440743774;0.5747954539944381;jir
[2, 64, 2, 1];0.0008816543559078127;0.5663465522696456;mlir
[2, 64, 2, 1];0.0008754593873163685;0.5703541614791808;tvm
[2, 64, 2, 4];0.0008592866652179509;0.5810888554115475;jir
[2, 64, 2, 4];0.0008709036483196542;0.5733377116117384;mlir
[2, 64, 2, 4];0.0008648651273688301;0.5773407771463586;tvm
[2, 64, 4, 1];0.0008911720797186717;0.5602979672787016;jir
[2, 64, 4, 1];0.0009017248667078093;0.5537408617607777;mlir
[2, 64, 4, 1];0.0008935372752603143;0.5588148570706658;tvm
[2, 64, 4, 4];0.0008631341333966702;0.5784986196721659;jir
[2, 64, 4, 4];0.0008781351061770692;0.5686162655945796;mlir
[2, 64, 4, 4];0.0008665774075780064;0.5762000029027499;tvm
[2, 64, 8, 1];0.0008409078582189977;0.5937890815046544;jir
[2, 64, 8, 1];0.0008584087481722236;0.5816831501602139;mlir
[2, 64, 8, 1];0.0008724209183128551;0.5723405918871436;tvm
[2, 64, 8, 4];0.0008563348819734529;0.5830918665968627;jir
[2, 64, 8, 4];0.0008631394302938133;0.578495069553172;mlir
[2, 64, 8, 4];0.00087850219279062;0.56837866639328;tvm
[2, 64, 16, 1];0.000851821998367086;0.5861810398405863;jir
[2, 64, 16, 1];0.0008648446091683581;0.5773544743974954;mlir
[2, 64, 16, 1];0.000860811021993868;0.5800598412475505;tvm
[2, 64, 16, 4];0.0008537650865036994;0.5848469475446759;jir
[2, 64, 16, 4];0.0008688412490300834;0.5746986636733863;mlir
[2, 64, 16, 4];0.0008660931198392063;0.5765221929653545;tvm
[2, 64, 32, 1];0.0009825552260736004;0.5081871140793282;jir
[2, 64, 32, 1];0.0010246968013234437;0.4872874630983597;mlir
[2, 64, 32, 1];0.0010054883314296603;0.4965964190274994;tvm
[2, 64, 32, 4];0.0008524525328539312;0.5857474586769328;jir
[2, 64, 32, 4];0.000856641519931145;0.5828831467356838;mlir
[2, 64, 32, 4];0.0008754647133173421;0.5703506916570702;tvm
[2, 64, 64, 1];0.0012599824403878301;0.3962927488165712;jir
[2, 64, 64, 1];0.001277483199373819;0.39086377418243645;mlir
[2, 64, 64, 1];0.0011338541808072478;0.44037576719645943;tvm
[2, 64, 64, 4];0.0008527315658284351;0.5855557889156007;jir
[2, 64, 64, 4];0.0008738054311834276;0.571433739071242;mlir
[2, 64, 64, 4];0.0008729480759939179;0.5719949656723726;tvm
[2, 64, 128, 1];0.003624059143476188;0.13777973399268437;jir
[2, 64, 128, 1];0.0009262361563742161;0.5390870366327718;mlir
[2, 64, 128, 1];0.0015140882751438767;0.3297838791562246;tvm
[2, 64, 128, 4];0.0008760354539845139;0.5699791058578909;jir
[2, 64, 128, 4];0.0008778281335253268;0.5688151082110409;mlir
[2, 64, 128, 4];0.000947765787714161;0.5268410310169336;tvm
[2, 128, 1, 1];0.0008069695322774351;0.618761780699099;jir
[2, 128, 1, 1];0.0008170454821083695;0.6111311006498863;mlir
[2, 128, 1, 1];0.000815529769170098;0.6122669259149501;tvm
[2, 128, 1, 4];0.0008063496788963675;0.6192374323820843;jir
[2, 128, 1, 4];0.0008204413898056373;0.6086015539515799;mlir
[2, 128, 1, 4];0.0008142450678860769;0.6132329497042359;tvm
[2, 128, 2, 1];0.0007989912119228393;0.6249404215100749;jir
[2, 128, 2, 1];0.000805921052233316;0.6195667719291069;mlir
[2, 128, 2, 1];0.0008057797240326181;0.6196754396635725;tvm
[2, 128, 2, 4];0.0008010338788153604;0.6233467996389193;jir
[2, 128, 2, 4];0.0008071087941061705;0.6186550170288714;mlir
[2, 128, 2, 4];0.0008060645195655525;0.6194564983843056;tvm
[2, 128, 4, 1];0.0007963384850881994;0.6270221948479632;jir
[2, 128, 4, 1];0.0007976183842401952;0.6260160430448889;mlir
[2, 128, 4, 1];0.0008651638345327228;0.577141444003597;tvm
[2, 128, 4, 4];0.0007967462297528982;0.6267013085418224;jir
[2, 128, 4, 4];0.0008091101190075278;0.6171247807089397;mlir
[2, 128, 4, 4];0.0008058040402829647;0.6196567401009354;tvm
[2, 128, 8, 1];0.0007911742432042956;0.6311149649407517;jir
[2, 128, 8, 1];0.0007982079405337572;0.6255536676671132;mlir
[2, 128, 8, 1];0.0008044225833145902;0.6207208936184628;tvm
[2, 128, 8, 4];0.0007908639236120507;0.6313626021546046;jir
[2, 128, 8, 4];0.0008009635348571464;0.6234015445546592;mlir
[2, 128, 8, 4];0.0007955255277920514;0.6276629565210211;tvm
[2, 128, 16, 1];0.0007848776876926422;0.6361779836420054;jir
[2, 128, 16, 1];0.0007955257606226951;0.6276627728196535;mlir
[2, 128, 16, 1];0.000802574839326553;0.6221499607200367;tvm
[2, 128, 16, 4];0.0007827684166841209;0.6378922477187804;jir
[2, 128, 16, 4];0.0008024998678592965;0.6222080834653192;mlir
[2, 128, 16, 4];0.0007932105509098619;0.6294947844417241;tvm
[2, 128, 32, 1];0.0007837579032639042;0.6370869150824688;jir
[2, 128, 32, 1];0.0007856037409510463;0.6355900293415472;mlir
[2, 128, 32, 1];0.0011335192248225212;0.4405058986450673;tvm
[2, 128, 32, 4];0.0007843945786589757;0.6365698059968242;jir
[2, 128, 32, 4];0.0007908393599791452;0.6313822124066664;mlir
[2, 128, 32, 4];0.0008111639472190291;0.6155622503610589;tvm
[2, 128, 64, 1];0.0007831279654055834;0.6375993794364182;jir
[2, 128, 64, 1];0.0007970353763084859;0.626473955365121;mlir
[2, 128, 64, 1];0.0014574283704860136;0.34260476526568107;tvm
[2, 128, 64, 4];0.000783567171311006;0.6372419915531642;jir
[2, 128, 64, 4];0.0008226255886256695;0.6069856222149661;mlir
[2, 128, 64, 4];0.0008180083677871153;0.6104117322328567;tvm
[2, 256, 1, 1];0.0025644208071753383;0.19471137629393148;jir
[2, 256, 1, 1];0.0031353974482044578;0.15925314509898914;mlir
[2, 256, 1, 1];0.0021572933183051646;0.23145758646959852;tvm
[2, 256, 1, 4];0.0025638006918597966;0.19475847180604886;jir
[2, 256, 1, 4];0.002463352167978883;0.20270017062626722;mlir
[2, 256, 1, 4];0.0021582274639513344;0.23135740467676855;tvm
[2, 256, 2, 1];0.0024326318234670907;0.20525995752626877;jir
[2, 256, 2, 1];0.0024819776590447873;0.2011790488694703;mlir
[2, 256, 2, 1];0.0022195964120328426;0.22496067395630504;tvm
[2, 256, 2, 4];0.0024805199645925313;0.20129727310778855;jir
[2, 256, 2, 4];0.0024816542863845825;0.2012052635620515;mlir
[2, 256, 2, 4];0.0022326103935483843;0.22364936856193296;tvm
[2, 256, 4, 1];0.0023689231602475047;0.21078011863826587;jir
[2, 256, 4, 1];0.002379248122451827;0.2098654192683994;mlir
[2, 256, 4, 1];0.0025509821716696024;0.19573712051272457;tvm
[2, 256, 4, 4];0.00251395464874804;0.19862009245495704;jir
[2, 256, 4, 4];0.0024645878293085843;0.20259854358770593;mlir
[2, 256, 4, 4];0.002290609641931951;0.21798646771641353;tvm
[2, 256, 8, 1];0.0024574250273872167;0.2031890695329956;jir
[2, 256, 8, 1];0.0024748376454226673;0.20175945912469245;mlir
[2, 256, 8, 1];0.0024249040870927274;0.20591408436304512;tvm
[2, 256, 8, 4];0.002339941100217402;0.21339080061267918;jir
[2, 256, 8, 4];0.002528240962419659;0.19749775127606017;mlir
[2, 256, 8, 4];0.0022943092917557806;0.21763495730768956;tvm
[2, 256, 16, 1];0.0025137821794487536;0.19863371967709664;jir
[2, 256, 16, 1];0.0024475818499922752;0.2040062132195827;mlir
[2, 256, 16, 1];0.002611823845654726;0.19117748143414162;tvm
[2, 256, 16, 4];0.0023969955800566822;0.20831156674477355;jir
[2, 256, 16, 4];0.0024799219390843064;0.20134581532283063;mlir
[2, 256, 16, 4];0.002279918873682618;0.21900862812516642;tvm
[2, 256, 32, 1];0.002763386582955718;0.1806920203787883;jir
[2, 256, 32, 1];0.002670992078492418;0.18694248806748087;mlir
[2, 256, 32, 1];0.00266769016161561;0.18717387496736307;tvm
[2, 256, 32, 4];0.002348247478948906;0.21263598033773048;jir
[2, 256, 32, 4];0.0025085457309614867;0.19904835642383223;mlir
[2, 256, 32, 4];0.002359556616283953;0.21161683568681766;tvm
[4, 16, 1, 1];0.0010273566003888845;0.4860258887448592;jir
[4, 16, 1, 1];0.001038762100506574;0.4806893748996041;mlir
[4, 16, 1, 1];0.0010285346797900274;0.4854691966865327;tvm
[4, 16, 1, 4];0.0010273941297782585;0.4860081348427336;jir
[4, 16, 1, 4];0.0010383393673691899;0.4808850752013979;mlir
[4, 16, 1, 4];0.0010293444356648251;0.48508729193198247;tvm
[4, 16, 2, 1];0.0010958732891594991;0.45563835682578707;jir
[4, 16, 2, 1];0.0011057569354306906;0.45156570016666425;mlir
[4, 16, 2, 1];0.0010994317999575287;0.4541636004899928;tvm
[4, 16, 2, 4];0.0010292541846865788;0.4851298272000271;jir
[4, 16, 2, 4];0.0010394378477940336;0.4803768746939512;mlir
[4, 16, 2, 4];0.0010285313765052706;0.4854707558446041;tvm
[4, 16, 4, 1];0.001149471616372466;0.43439254841078934;jir
[4, 16, 4, 1];0.0011587276821956038;0.4309225648391946;mlir
[4, 16, 4, 1];0.0011601234000409022;0.4304041317883083;tvm
[4, 16, 4, 4];0.0010289794445270672;0.48525935811225057;jir
[4, 16, 4, 4];0.001040605828166008;0.479837697663027;mlir
[4, 16, 4, 4];0.0010307136690244079;0.48444288629113014;tvm
[4, 16, 8, 1];0.0011877030046889558;0.42040973441224117;jir
[4, 16, 8, 1];0.00118664835463278;0.4207833793494998;mlir
[4, 16, 8, 1];0.0011823748791357502;0.42230422311313065;tvm
[4, 16, 8, 4];0.001019863339024596;0.48959687602797797;jir
[4, 16, 8, 4];0.001028322585625574;0.48556932595051894;mlir
[4, 16, 8, 4];0.001020232361042872;0.4894197869311875;tvm
[4, 16, 16, 1];0.0013146309793228284;0.37981906148226285;jir
[4, 16, 16, 1];0.0013226019800640643;0.3775299842948357;mlir
[4, 16, 16, 1];0.001308339080424048;0.3816456392941107;tvm
[4, 16, 16, 4];0.0010200055985478684;0.48952859226730194;jir
[4, 16, 16, 4];0.0010275200329488143;0.4859485837263266;mlir
[4, 16, 16, 4];0.0010249994520563632;0.4871435821357374;tvm
[4, 16, 32, 1];0.0010217360249953344;0.48869951978465753;jir
[4, 16, 32, 1];0.0010307650663889945;0.4844187303622381;mlir
[4, 16, 32, 1];0.0010202920529991388;0.48939115353702184;tvm
[4, 16, 32, 4];0.0010216864757239819;0.4887232205046837;jir
[4, 16, 32, 4];0.0010338739666622132;0.4829620639099069;mlir
[4, 16, 32, 4];0.0010184105631196871;0.49029529233508423;tvm
[4, 16, 64, 1];0.0027176218281965703;0.1837348742128914;jir
[4, 16, 64, 1];0.001298598013818264;0.3845084463772973;mlir
[4, 16, 64, 1];0.0027518115239217877;0.18145207272418434;tvm
[4, 16, 64, 4];0.0010502867808099836;0.4754148237273124;jir
[4, 16, 64, 4];0.0010323827882530168;0.4836596565183444;mlir
[4, 16, 64, 4];0.0010456965683260933;0.477501715015856;tvm
[4, 16, 128, 1];0.0032985350117087364;0.1513768697283712;jir
[4, 16, 128, 1];0.0012783061392838135;0.39061214635302927;mlir
[4, 16, 128, 1];0.0033727899426594377;0.14804417507489082;tvm
[4, 16, 128, 4];0.0010318139247829095;0.4839263095494283;jir
[4, 16, 128, 4];0.00103803223464638;0.4810273593594188;mlir
[4, 16, 128, 4];0.0010493274603504688;0.47584945941959284;tvm
[4, 16, 256, 1];0.0037126122042536736;0.134493417920087;jir
[4, 16, 256, 1];0.0018478294950909913;0.2702207677106686;mlir
[4, 16, 256, 1];0.003797783574555069;0.13147718793333374;tvm
[4, 16, 256, 4];0.0010257109097437933;0.4868056876636202;jir
[4, 16, 256, 4];0.0010437068121973425;0.47841203959440454;mlir
[4, 16, 256, 4];0.0013038607721682638;0.3829564593246825;tvm
[4, 32, 1, 1];0.0007258045734488405;0.6879564045583962;jir
[4, 32, 1, 1];0.00074427872459637;0.6708802606613432;mlir
[4, 32, 1, 1];0.0007314057002076879;0.6826880138070003;tvm
[4, 32, 1, 4];0.000725229641830083;0.6885017875191772;jir
[4, 32, 1, 4];0.000738821538107004;0.6758356098297552;mlir
[4, 32, 1, 4];0.000728507264284417;0.6854041534539375;tvm
[4, 32, 2, 1];0.0007505916291847825;0.665237774239793;jir
[4, 32, 2, 1];0.0007540690348832868;0.6621700158251277;mlir
[4, 32, 2, 1];0.0007483096123905852;0.6672664582868947;tvm
[4, 32, 2, 4];0.0007308947097044438;0.6831653015573453;jir
[4, 32, 2, 4];0.0007438025422743522;0.6713097581450985;mlir
[4, 32, 2, 4];0.0007116814522305503;0.7016087087796531;tvm
[4, 32, 4, 1];0.000791319296695292;0.6309992778479852;jir
[4, 32, 4, 1];0.0008015315979719162;0.6229597261359618;mlir
[4, 32, 4, 1];0.0007842536579119042;0.6366841897701343;tvm
[4, 32, 4, 4];0.0007389912061626092;0.6756804419294171;jir
[4, 32, 4, 4];0.0007528028072556481;0.6632837974956403;mlir
[4, 32, 4, 4];0.0007317601703107357;0.6823573146238228;tvm
[4, 32, 8, 1];0.0008216952992370352;0.6076728261991249;jir
[4, 32, 8, 1];0.0008579513669246808;0.5819932504469569;mlir
[4, 32, 8, 1];0.0008243567135650665;0.6057109701969975;tvm
[4, 32, 8, 4];0.0007238261823658831;0.689836754909627;jir
[4, 32, 8, 4];0.0007330967346206307;0.6811132572024048;mlir
[4, 32, 8, 4];0.000732785149011761;0.6814028715446727;tvm
[4, 32, 16, 1];0.000771578103012871;0.6471436952554048;jir
[4, 32, 16, 1];0.0007879872864577919;0.633667463096374;mlir
[4, 32, 16, 1];0.0007535903641837649;0.6625906175203481;tvm
[4, 32, 16, 4];0.0007162731926655397;0.6971109764749506;jir
[4, 32, 16, 4];0.0007100669463397935;0.7032039828579214;mlir
[4, 32, 16, 4];0.0007266301763593219;0.6871747430910271;tvm
[4, 32, 32, 1];0.0009713113395264372;0.5140698810387091;jir
[4, 32, 32, 1];0.0009849128691712394;0.506970637090022;mlir
[4, 32, 32, 1];0.000943205101066269;0.5293884693768452;tvm
[4, 32, 32, 4];0.0007177984734880738;0.6956296554038311;jir
[4, 32, 32, 4];0.0007106258781277575;0.7026508886468329;mlir
[4, 32, 32, 4];0.0007210395342553966;0.6925028116212029;tvm
[4, 32, 64, 1];0.0022178299259394407;0.22513985356672434;jir
[4, 32, 64, 1];0.0009301291429437697;0.5368307278079674;mlir
[4, 32, 64, 1];0.0022014730784576386;0.2268126327085189;tvm
[4, 32, 64, 4];0.0007498033519368619;0.6659371466826288;jir
[4, 32, 64, 4];0.0007959205540828407;0.627351438784347;mlir
[4, 32, 64, 4];0.001068897036020644;0.46713751459243563;tvm
[4, 32, 128, 1];0.002440451964503154;0.20460222615508866;jir
[4, 32, 128, 1];0.000977412550128065;0.510860950881469;mlir
[4, 32, 128, 1];0.001961830974323675;0.254518310342226;tvm
[4, 32, 128, 4];0.0008080276747932658;0.6179514889631181;jir
[4, 32, 128, 4];0.0008242059993790463;0.6058217304145954;mlir
[4, 32, 128, 4];0.00090816080046352;0.5498166233414322;tvm
[4, 64, 1, 1];0.0006216650508577004;0.8032008620606853;jir
[4, 64, 1, 1];0.0006363538777804933;0.7846607401898209;mlir
[4, 64, 1, 1];0.0006197702459758148;0.8056564638331957;tvm
[4, 64, 1, 4];0.000616142206126824;0.8104004234683552;jir
[4, 64, 1, 4];0.0006347341914079152;0.7866630024362639;mlir
[4, 64, 1, 4];0.000628193054581061;0.7948542269301277;tvm
[4, 64, 2, 1];0.0006273818289628252;0.7958819999415244;jir
[4, 64, 2, 1];0.0006337930608424358;0.7878311322913628;mlir
[4, 64, 2, 1];0.0006265165866352618;0.7969811421011815;tvm
[4, 64, 2, 4];0.0006202377044246532;0.8050492596626115;jir
[4, 64, 2, 4];0.000633007068245206;0.7888093669255585;mlir
[4, 64, 2, 4];0.0006204516539582983;0.8047716555776402;tvm
[4, 64, 4, 1];0.0006227037883945741;0.8018610358052153;jir
[4, 64, 4, 1];0.0006295176281128079;0.7931817672188007;mlir
[4, 64, 4, 1];0.0006298942462308332;0.7927075183647916;tvm
[4, 64, 4, 4];0.0006215586545295082;0.8033383512934413;jir
[4, 64, 4, 4];0.0006277283537201583;0.7954426493605589;mlir
[4, 64, 4, 4];0.0006225643519428559;0.8020406295407944;tvm
[4, 64, 8, 1];0.0006004561510053463;0.8315709713788225;jir
[4, 64, 8, 1];0.0006056728234398179;0.8244086335690104;mlir
[4, 64, 8, 1];0.0006048647410352714;0.8255100204837165;tvm
[4, 64, 8, 4];0.0006056577985873446;0.8244290850816071;jir
[4, 64, 8, 4];0.0006168813488329761;0.8094294076268123;mlir
[4, 64, 8, 4];0.0006108735033194534;0.817390019453482;tvm
[4, 64, 16, 1];0.0006002879817970097;0.83180393395041;jir
[4, 64, 16, 1];0.0006106577493483201;0.8176788148431255;mlir
[4, 64, 16, 1];0.0007192272096290253;0.6942477955185443;tvm
[4, 64, 16, 4];0.0006004782553645782;0.831540360206288;jir
[4, 64, 16, 4];0.0007670034901821055;0.6510034323877112;mlir
[4, 64, 16, 4];0.0006115372380008921;0.8165028615333092;tvm
[4, 64, 32, 1];0.000759560709411744;0.657382482499146;jir
[4, 64, 32, 1];0.0007479784180759452;0.6675619144818783;mlir
[4, 64, 32, 1];0.0008222285832744092;0.6072786995234656;tvm
[4, 64, 32, 4];0.000587362446822226;0.8501086636766751;jir
[4, 64, 32, 4];0.0008252250117948279;0.6050736437034328;mlir
[4, 64, 32, 4];0.0006177120230859146;0.8083409195557402;tvm
[4, 64, 64, 1];0.0022037484450265765;0.22657844904611293;jir
[4, 64, 64, 1];0.0007434529616148211;0.671625416189546;mlir
[4, 64, 64, 1];0.0021192387503106147;0.23561380457426973;tvm
[4, 64, 64, 4];0.0006684264226350933;0.7470110214875424;jir
[4, 64, 64, 4];0.000843395057017915;0.5920379786519171;mlir
[4, 64, 64, 4];0.0007356764035648666;0.6787249153871743;tvm
[4, 128, 1, 1];0.0018900455033872277;0.2641851235153067;jir
[4, 128, 1, 1];0.0018615980225149542;0.2682221933644613;mlir
[4, 128, 1, 1];0.0016554291360080242;0.30162686756014934;tvm
[4, 128, 1, 4];0.0018899596470873803;0.26419712480708807;jir
[4, 128, 1, 4];0.0020252073591109365;0.24655347143371356;mlir
[4, 128, 1, 4];0.001647021999815479;0.30316650586200145;tvm
[4, 128, 2, 1];0.0017901687533594668;0.2789244890041049;jir
[4, 128, 2, 1];0.0017409902648068964;0.2868033870466746;mlir
[4, 128, 2, 1];0.0014495732611976564;0.34446131018542553;tvm
[4, 128, 2, 4];0.0013971325097372755;0.3573905132704986;jir
[4, 128, 2, 4];0.0014818956842646003;0.3369480794524996;mlir
[4, 128, 2, 4];0.001375402629491873;0.3630368984726848;tvm
[4, 128, 4, 1];0.0017088205204345286;0.2922026618892278;jir
[4, 128, 4, 1];0.0017473567859269679;0.2857584145283849;mlir
[4, 128, 4, 1];0.001579174044309184;0.3161918134111273;tvm
[4, 128, 4, 4];0.0016923346265684813;0.295049156900117;jir
[4, 128, 4, 4];0.0016594671760685742;0.300892908255554;mlir
[4, 128, 4, 4];0.0018236433097627014;0.27380458782089256;tvm
[4, 128, 8, 1];0.0018487689376343042;0.2700834564003656;jir
[4, 128, 8, 1];0.0018042530282400548;0.27674716181519426;mlir
[4, 128, 8, 1];0.0018582594639156014;0.2687040827494384;tvm
[4, 128, 8, 4];0.0016757289122324437;0.29797296037382137;jir
[4, 128, 8, 4];0.0020060118986293674;0.24891273332081065;mlir
[4, 128, 8, 4];0.0015419540141010657;0.3238241219878411;tvm
[4, 128, 16, 1];0.0018926130433101207;0.2638267270358691;jir
[4, 128, 16, 1];0.0018582460179459304;0.26870602704901564;mlir
[4, 128, 16, 1];0.0019407692598178983;0.25728040684689946;tvm
[4, 128, 16, 4];0.0014749825786566362;0.3385273236356935;jir
[4, 128, 16, 4];0.0019637400400824845;0.2542708783087864;mlir
[4, 128, 16, 4];0.0014890032180119306;0.33533970828389703;tvm
[4, 128, 32, 1];0.0025587039708625525;0.19514641414089834;jir
[4, 128, 32, 1];0.0019286941387690604;0.2588911817197641;mlir
[4, 128, 32, 1];0.002187381382100284;0.2282738203991043;tvm
[4, 128, 32, 4];0.001567103056004271;0.3186273569238346;jir
[4, 128, 32, 4];0.002210855047451332;0.2258501322090391;mlir
[4, 128, 32, 4];0.0014587155455956236;0.3423024497610474;tvm
[4, 256, 1, 1];0.0032817613100633025;0.15215058548919064;jir
[4, 256, 1, 1];0.0033225766383111477;0.15028153120817345;mlir
[4, 256, 1, 1];0.0022287689789664;0.22403484141881191;tvm
[4, 256, 1, 4];0.0032821663771755993;0.15213180789195274;jir
[4, 256, 1, 4];0.0022828203218523413;0.2187302697378923;mlir
[4, 256, 1, 4];0.0022288787877187133;0.22402380403690203;tvm
[4, 256, 2, 1];0.002426625491352752;0.205768012633689;jir
[4, 256, 2, 1];0.0027395513898227364;0.18226411324746625;mlir
[4, 256, 2, 1];0.002272470825118944;0.21972643135507344;tvm
[4, 256, 2, 4];0.0030420905095525086;0.16413775434819491;jir
[4, 256, 2, 4];0.0025480478652752936;0.19596252941973583;mlir
[4, 256, 2, 4];0.002481339906807989;0.2012307557670467;tvm
[4, 256, 4, 1];0.002179715840611607;0.22907660505958427;jir
[4, 256, 4, 1];0.0027001072303391993;0.18492669444804893;mlir
[4, 256, 4, 1];0.0028056954324711114;0.17796725153525586;tvm
[4, 256, 4, 4];0.0022815113770775497;0.21885575929123782;jir
[4, 256, 4, 4];0.0022096785251051188;0.22597038396712077;mlir
[4, 256, 4, 4];0.0021770882594864815;0.2293530832230393;tvm
[4, 256, 8, 1];0.002672084723599255;0.18686604520882338;jir
[4, 256, 8, 1];0.0026693870313465595;0.1870548927144612;mlir
[4, 256, 8, 1];0.002619357139337808;0.19062765335166815;tvm
[4, 256, 8, 4];0.0023712717520538718;0.2105713545186958;jir
[4, 256, 8, 4];0.00270285113947466;0.184738958601677;mlir
[4, 256, 8, 4];0.0026225927576888353;0.19039246688148911;tvm
[4, 256, 16, 1];0.0028710801561828703;0.17391430318885914;jir
[4, 256, 16, 1];0.0028932042187079787;0.1725843967505645;mlir
[4, 256, 16, 1];0.002839231863617897;0.17586513844122714;tvm
[4, 256, 16, 4];0.002370607922784984;0.21063031974317487;jir
[4, 256, 16, 4];0.0028546835528686643;0.1749132243607658;mlir
[4, 256, 16, 4];0.0026355510926805437;0.18945635550326545;tvm
[8, 16, 1, 1];0.0007612064728164114;0.6559611913367581;jir
[8, 16, 1, 1];0.0007726417898084037;0.6462527801993786;mlir
[8, 16, 1, 1];0.0007655134031665511;0.6522706234749862;tvm
[8, 16, 1, 4];0.0007619186726515181;0.6553480347505299;jir
[8, 16, 1, 4];0.000772207356931176;0.646616352822973;mlir
[8, 16, 1, 4];0.000764414005971048;0.6532087335678887;tvm
[8, 16, 2, 1];0.0008298861212097108;0.6016752082009177;jir
[8, 16, 2, 1];0.0008518617396475747;0.586153693166781;mlir
[8, 16, 2, 1];0.000832268298836425;0.5999530505487175;tvm
[8, 16, 2, 4];0.0007613338748342358;0.6558514224401502;jir
[8, 16, 2, 4];0.0007722559385001659;0.64657567506915;mlir
[8, 16, 2, 4];0.0007631051121279597;0.6543291308447912;tvm
[8, 16, 4, 1];0.0009280667145503685;0.5380237184821537;jir
[8, 16, 4, 1];0.0009393946820637211;0.5315358009744776;mlir
[8, 16, 4, 1];0.0009388832695549354;0.531825330105841;tvm
[8, 16, 4, 4];0.0007625227444805205;0.6548288669108159;jir
[8, 16, 4, 4];0.0007775434132781811;0.642178811156957;mlir
[8, 16, 4, 4];0.0007869647088227794;0.6344908471293973;tvm
[8, 16, 8, 1];0.0009999004832934588;0.4993716005789346;jir
[8, 16, 8, 1];0.0010141505190404132;0.49235482838815875;mlir
[8, 16, 8, 1];0.0010018800530815497;0.4983849146672866;tvm
[8, 16, 8, 4];0.0007582264734082855;0.6585392653429982;jir
[8, 16, 8, 4];0.0007900035852799192;0.6320501755507626;mlir
[8, 16, 8, 4];0.0007623321725986898;0.6549925645401824;tvm
[8, 16, 16, 1];0.0012157552264397964;0.4107092397407275;jir
[8, 16, 16, 1];0.001231957765412517;0.40530764834678285;mlir
[8, 16, 16, 1];0.0010589344892650843;0.471532384508924;tvm
[8, 16, 16, 4];0.000753061132854782;0.6630562685781215;jir
[8, 16, 16, 4];0.0007711996076977812;0.647461305449185;mlir
[8, 16, 16, 4];0.0007557745411759242;0.6606757406580541;tvm
[8, 16, 32, 1];0.0018892591469921172;0.26429508389935463;jir
[8, 16, 32, 1];0.001105587201891467;0.45163502608175277;mlir
[8, 16, 32, 1];0.0019003908091690391;0.2627469583376049;tvm
[8, 16, 32, 4];0.0009257842320948839;0.5393501935456696;jir
[8, 16, 32, 4];0.0007822649058653042;0.6383028319665941;mlir
[8, 16, 32, 4];0.0008177908312063664;0.6105741049032412;tvm
[8, 16, 64, 1];0.0026284976047463715;0.1899647554786664;jir
[8, 16, 64, 1];0.0011169506033184007;0.44704027490423126;mlir
[8, 16, 64, 1];0.002669072709977627;0.18707692109522572;tvm
[8, 16, 64, 4];0.0008709606481716037;0.5733001896355763;jir
[8, 16, 64, 4];0.0007798784354235977;0.640256073359297;mlir
[8, 16, 64, 4];0.000818543354398571;0.6100127770614963;tvm
[8, 16, 128, 1];0.0032465480035170913;0.15380086917580552;jir
[8, 16, 128, 1];0.0013898030010750517;0.3592753105121123;mlir
[8, 16, 128, 1];0.003377596556674689;0.1478334953223357;tvm
[8, 16, 128, 4];0.0008249609672930092;0.6052673090708253;jir
[8, 16, 128, 4];0.0008584146708017215;0.5816791368390292;mlir
[8, 16, 128, 4];0.0008261790935648605;0.6043748972240299;tvm
[8, 32, 1, 1];0.0006315898936009035;0.7905793139201531;jir
[8, 32, 1, 1];0.0006523512056446634;0.765418842551946;mlir
[8, 32, 1, 1];0.0006307200092123821;0.7916696750836206;tvm
[8, 32, 1, 4];0.0006331219483399764;0.788666237319855;jir
[8, 32, 1, 4];0.0006484724872279912;0.7699970539942926;mlir
[8, 32, 1, 4];0.0006311107281362638;0.7911795545552756;tvm
[8, 32, 2, 1];0.0006433359521906823;0.7761448789883698;jir
[8, 32, 2, 1];0.0006443872916861437;0.7748785725667372;mlir
[8, 32, 2, 1];0.0006400057172868401;0.7801835066078275;tvm
[8, 32, 2, 4];0.0006322579210973345;0.7897440081024077;jir
[8, 32, 2, 4];0.0006415908937924542;0.7782559097907468;mlir
[8, 32, 2, 4];0.0006281153109739535;0.7949526082840712;tvm
[8, 32, 4, 1];0.0006727557338308543;0.7422038633823749;jir
[8, 32, 4, 1];0.0006877660343889147;0.7260054724940815;mlir
[8, 32, 4, 1];0.0006780464900657535;0.7364124909981956;tvm
[8, 32, 4, 4];0.000629949863650836;0.7926375312919589;jir
[8, 32, 4, 4];0.0006458653806475922;0.7731052317144601;mlir
[8, 32, 4, 4];0.000632548653811682;0.7893810250848458;tvm
[8, 32, 8, 1];0.000998451912892051;0.5000960970825339;jir
[8, 32, 8, 1];0.0007805282075423747;0.6397230746267382;mlir
[8, 32, 8, 1];0.0006147383319330402;0.8122511299918304;tvm
[8, 32, 8, 4];0.0006055671474314295;0.824552499057827;jir
[8, 32, 8, 4];0.000653691720799543;0.7638492103757633;mlir
[8, 32, 8, 4];0.0006000118009978905;0.8321868068785871;tvm
[8, 32, 16, 1];0.0011103509605163708;0.4496973682354399;jir
[8, 32, 16, 1];0.0009528835216769949;0.5240114803151809;mlir
[8, 32, 16, 1];0.0006060464947950095;0.8239003262130845;tvm
[8, 32, 16, 4];0.0005928361497353762;0.8422595433574465;jir
[8, 32, 16, 4];0.0008864022238412872;0.5633130099765067;mlir
[8, 32, 16, 4];0.0006038133215042762;0.8269474802542404;tvm
[8, 32, 32, 1];0.0015977007278706878;0.3125253034261108;jir
[8, 32, 32, 1];0.0008406113338423893;0.5939985397050634;mlir
[8, 32, 32, 1];0.001607253507245332;0.3106677960328059;tvm
[8, 32, 32, 4];0.0007663704818696715;0.6515411495804704;jir
[8, 32, 32, 4];0.0006167462997836992;0.8096066485312086;mlir
[8, 32, 32, 4];0.0006942738327779807;0.7192002365464076;tvm
[8, 32, 64, 1];0.001861575961811468;0.2682253719456192;jir
[8, 32, 64, 1];0.000898048107046634;0.5560079697779219;mlir
[8, 32, 64, 1];0.001954175066202879;0.2555154414758386;tvm
[8, 32, 64, 4];0.0007686073222430423;0.6496450011752731;jir
[8, 32, 64, 4];0.0007891180430306122;0.6327594574371361;mlir
[8, 32, 64, 4];0.0008012107573449612;0.6232091870765057;tvm
[8, 64, 1, 1];0.001565644604852423;0.31892416913413796;jir
[8, 64, 1, 1];0.0009978053567465395;0.5004201484646283;mlir
[8, 64, 1, 1];0.0016017933376133442;0.31172679585862767;tvm
[8, 64, 1, 4];0.0015654495218768716;0.3189639127828603;jir
[8, 64, 1, 4];0.002707448147702962;0.18442528813914189;mlir
[8, 64, 1, 4];0.0016198390221688896;0.3082540289054994;tvm
[8, 64, 2, 1];0.001683096372289583;0.2966686358444569;jir
[8, 64, 2, 1];0.0006510532475658692;0.7669448030998213;mlir
[8, 64, 2, 1];0.001420215965481475;0.35158167271597107;tvm
[8, 64, 2, 4];0.0009634643793106079;0.5182567362990491;jir
[8, 64, 2, 4];0.0013023025821894407;0.3834146622994797;mlir
[8, 64, 2, 4];0.0013293854426592588;0.3756035599149316;tvm
[8, 64, 4, 1];0.0016894094296731055;0.29556003180266477;jir
[8, 64, 4, 1];0.0008845120610203594;0.5645167847523693;mlir
[8, 64, 4, 1];0.0010778462456073612;0.46325893586105993;tvm
[8, 64, 4, 4];0.0007192061530076899;0.6942681214193754;jir
[8, 64, 4, 4];0.0015609878028044477;0.3198755966349195;mlir
[8, 64, 4, 4];0.0013931071880506352;0.35842317737273494;tvm
[8, 64, 8, 1];0.0010692528740037233;0.46698205532264586;jir
[8, 64, 8, 1];0.0010650542681105435;0.46882296960109404;mlir
[8, 64, 8, 1];0.0011845806293422356;0.4215178708765179;tvm
[8, 64, 8, 4];0.001533012677100487;0.32571283474727253;jir
[8, 64, 8, 4];0.0012096627615392208;0.41277777628415097;mlir
[8, 64, 8, 4];0.00153676288027782;0.324917989086017;tvm
[8, 64, 16, 1];0.0013114737521391362;0.3807334336256933;jir
[8, 64, 16, 1];0.0012533239496406168;0.3983981195804025;mlir
[8, 64, 16, 1];0.0013523473462555557;0.3692260765286753;tvm
[8, 64, 16, 4];0.0013613890332635492;0.3667738556442755;jir
[8, 64, 16, 4];0.0013444205978885293;0.371403045703191;mlir
[8, 64, 16, 4];0.0015273029857780784;0.3269304842663731;tvm
[8, 64, 32, 1];0.001455013858503662;0.3431732982085875;jir
[8, 64, 32, 1];0.0013032463466515765;0.3831370070937162;mlir
[8, 64, 32, 1];0.0014985135203460231;0.33321147789617933;tvm
[8, 64, 32, 4];0.001611529354704544;0.30984350567628965;jir
[8, 64, 32, 4];0.001312838081503287;0.38033776731259045;mlir
[8, 64, 32, 4];0.001645375567022711;0.3034698671655993;tvm
[8, 128, 1, 1];0.0019425066420808434;0.2570502946785414;jir
[8, 128, 1, 1];0.001305972327827476;0.3823372778445786;mlir
[8, 128, 1, 1];0.0019292758079245687;0.25881312703498505;tvm
[8, 128, 1, 4];0.0019416994764469564;0.2571571506398072;jir
[8, 128, 1, 4];0.0012304432457312942;0.40580653069060557;mlir
[8, 128, 1, 4];0.0019383321341592818;0.2576038935548458;tvm
[8, 128, 2, 1];0.0017403402889613062;0.28691050131346263;jir
[8, 128, 2, 1];0.0010916211467701942;0.45741318427117367;mlir
[8, 128, 2, 1];0.0013500122004188597;0.3698647350053454;tvm
[8, 128, 2, 4];0.0012267753772903234;0.4070198293878354;jir
[8, 128, 2, 4];0.0012684071698458865;0.3936605820531377;mlir
[8, 128, 2, 4];0.001797718956368044;0.27775303975805626;tvm
[8, 128, 4, 1];0.0014741231716470793;0.3387246835038882;jir
[8, 128, 4, 1];0.000975023751379922;0.5121125552636326;mlir
[8, 128, 4, 1];0.0015285429108189419;0.32666528445340465;tvm
[8, 128, 4, 4];0.0012787539017153904;0.3904753714472246;jir
[8, 128, 4, 4];0.0020470191084314138;0.24392635257055528;mlir
[8, 128, 4, 4];0.0019803938921540976;0.25213262207084797;tvm
[8, 128, 8, 1];0.002288658026373014;0.2181723520980602;jir
[8, 128, 8, 1];0.0016135273326653987;0.3094598366282838;mlir
[8, 128, 8, 1];0.0020621391013264656;0.24213783853897985;tvm
[8, 128, 8, 4];0.0014590923674404621;0.3422140475162752;jir
[8, 128, 8, 4];0.0024107515055220574;0.2071229256180739;mlir
[8, 128, 8, 4];0.0019529081764630973;0.25568119934149913;tvm
[8, 128, 16, 1];0.0023456618073396385;0.2128703733843955;jir
[8, 128, 16, 1];0.0023190627398435026;0.215311943132509;mlir
[8, 128, 16, 1];0.0020857417257502675;0.2393977636815471;tvm
[8, 128, 16, 4];0.0012008394114673138;0.4158107237268137;jir
[8, 128, 16, 4];0.002647662360686809;0.18858972056859233;mlir
[8, 128, 16, 4];0.0019317011756356806;0.25848817149349657;tvm
[8, 256, 1, 1];0.0030259649211075157;0.1650124564494789;jir
[8, 256, 1, 1];0.0030493134399876;0.1637489600819571;mlir
[8, 256, 1, 1];0.0023488228325732052;0.21258389429690736;tvm
[8, 256, 1, 4];0.0030259233026299626;0.165014726026903;jir
[8, 256, 1, 4];0.0025058969331439584;0.19925875568052334;mlir
[8, 256, 1, 4];0.002369723893934861;0.21070889568184864;tvm
[8, 256, 2, 1];0.0023605389578733593;0.21152877104462214;jir
[8, 256, 2, 1];0.0025385329499840736;0.19669703509857434;mlir
[8, 256, 2, 1];0.002390643523540348;0.20886506074416725;tvm
[8, 256, 2, 4];0.002421673940261826;0.20618874261326825;jir
[8, 256, 2, 4];0.002452037704642862;0.2036354921526913;mlir
[8, 256, 2, 4];0.0024029202468227595;0.2077979514393492;tvm
[8, 256, 4, 1];0.002435187343508005;0.20504455482369888;jir
[8, 256, 4, 1];0.0025598045031074435;0.19506251518651485;mlir
[8, 256, 4, 1];0.0027295590261928737;0.18293134530904337;tvm
[8, 256, 4, 4];0.0024001863785088062;0.2080346381567771;jir
[8, 256, 4, 4];0.0025960445927921683;0.19233949453266538;mlir
[8, 256, 4, 4];0.0024984390183817595;0.19985354899128813;tvm
[8, 256, 8, 1];0.002730385953327641;0.182875942557996;jir
[8, 256, 8, 1];0.002658258832525462;0.1878379556769975;mlir
[8, 256, 8, 1];0.002686488500330597;0.1858641511774417;tvm
[8, 256, 8, 4];0.0023903996916487813;0.20888636595225496;jir
[8, 256, 8, 4];0.0027314397448208183;0.18280538888279965;mlir
[8, 256, 8, 4];0.002378463337663561;0.20993466531731547;tvm
[16, 16, 1, 1];0.0007757409766782075;0.6436709156451242;jir
[16, 16, 1, 1];0.0007976756751304492;0.6259710811417777;mlir
[16, 16, 1, 1];0.0007872333226259798;0.6342743509590183;tvm
[16, 16, 1, 4];0.000775898173742462;0.643540507839423;jir
[16, 16, 1, 4];0.0007814943382982165;0.638932210115852;mlir
[16, 16, 1, 4];0.0007866726373322308;0.6347264174017904;tvm
[16, 16, 2, 1];0.0007874951115809381;0.6340634975618955;jir
[16, 16, 2, 1];0.0008020806708373129;0.6225332724209021;mlir
[16, 16, 2, 1];0.0008168015483533964;0.6113136119397619;tvm
[16, 16, 2, 4];0.0007663665746804327;0.6515444713518685;jir
[16, 16, 2, 4];0.0007732140875305049;0.645774453433255;mlir
[16, 16, 2, 4];0.0007845994114177302;0.6364036188348092;tvm
[16, 16, 4, 1];0.0008596471889177337;0.5808451550810442;jir
[16, 16, 4, 1];0.0008770613349042833;0.5693124128159149;mlir
[16, 16, 4, 1];0.0008631520759081468;0.578486594307908;tvm
[16, 16, 4, 4];0.0007689957928960212;0.649316822503631;jir
[16, 16, 4, 4];0.0007761288434267044;0.6433492441246444;mlir
[16, 16, 4, 4];0.0007854685827624053;0.6356993974295514;tvm
[16, 16, 8, 1];0.0009415054082637653;0.5303441704946833;jir
[16, 16, 8, 1];0.0009577851742506027;0.5213297492859899;mlir
[16, 16, 8, 1];0.0008692877599969506;0.5744034688394282;tvm
[16, 16, 8, 4];0.0007712659062235616;0.6474056492485093;jir
[16, 16, 8, 4];0.0007259656849782914;0.687803728322002;mlir
[16, 16, 8, 4];0.0007724799070274457;0.6463882105145347;tvm
[16, 16, 16, 1];0.001342454706900753;0.37194692841046395;jir
[16, 16, 16, 1];0.0011807013506768271;0.4229027979646781;mlir
[16, 16, 16, 1];0.0013619306701002643;0.36662799048731687;tvm
[16, 16, 16, 4];0.0008406545093748719;0.5939680322814315;jir
[16, 16, 16, 4];0.0009174773149425164;0.5442335157825556;mlir
[16, 16, 16, 4];0.0008611430384917185;0.5798361972901285;tvm
[16, 16, 32, 1];0.0018104974296875298;0.2757926614941849;jir
[16, 16, 32, 1];0.0011959579132962972;0.4175079233228823;mlir
[16, 16, 32, 1];0.0018776240176521242;0.26593284921135707;tvm
[16, 16, 32, 4];0.002037317492067814;0.24508791914170852;jir
[16, 16, 32, 4];0.0009543063497403637;0.5232302026469323;mlir
[16, 16, 32, 4];0.0008365441026398912;0.5968865277828023;tvm
[16, 16, 64, 1];0.002564651775173843;0.19469384093209247;jir
[16, 16, 64, 1];0.0013208095188019797;0.37804232756802597;mlir
[16, 16, 64, 1];0.0026380716590210795;0.18927533793649498;tvm
[16, 16, 64, 4];0.0026894663751590997;0.1856583556402956;jir
[16, 16, 64, 4];0.0010132317402167246;0.49280128616490304;mlir
[16, 16, 64, 4];0.0008175675029633567;0.6107408904488763;tvm
[16, 32, 1, 1];0.0011192765377927572;0.44611129412806305;jir
[16, 32, 1, 1];0.0010893150902120396;0.4583815181195275;mlir
[16, 32, 1, 1];0.0015558767336187884;0.3209263908719427;tvm
[16, 32, 1, 4];0.0011213060497539118;0.4453038533694604;jir
[16, 32, 1, 4];0.001158126280643046;0.43114633793186863;mlir
[16, 32, 1, 4];0.0015566874208161607;0.32075925974921393;tvm
[16, 32, 2, 1];0.0011173142993357033;0.4468947592085553;jir
[16, 32, 2, 1];0.0008865274139679968;0.5632334622648567;mlir
[16, 32, 2, 1];0.0015587705274811015;0.32033060412605124;tvm
[16, 32, 2, 4];0.0007884752121753991;0.6332753358019693;jir
[16, 32, 2, 4];0.002297430590260774;0.21733927757322513;mlir
[16, 32, 2, 4];0.0019268896721769124;0.259133624499525;tvm
[16, 32, 4, 1];0.0008167457417584956;0.6113553817701444;jir
[16, 32, 4, 1];0.0007886947714723647;0.6330990426496071;mlir
[16, 32, 4, 1];0.0009713746549095958;0.5140363733377168;tvm
[16, 32, 4, 4];0.0007632614942849614;0.6541950674842827;jir
[16, 32, 4, 4];0.001479146201745607;0.33757440892092516;mlir
[16, 32, 4, 4];0.0013210290780989453;0.3779794957128911;tvm
[16, 32, 8, 1];0.001154818499344401;0.43238128333185993;jir
[16, 32, 8, 1];0.0009859768761089072;0.5064235448730257;mlir
[16, 32, 8, 1];0.0011038704979000613;0.4523373943880062;tvm
[16, 32, 8, 4];0.0015675169415771961;0.3185432268818094;jir
[16, 32, 8, 4];0.0018593139830045402;0.2685516859046208;mlir
[16, 32, 8, 4];0.0015593939751852304;0.3202025355411506;tvm
[16, 32, 16, 1];0.0010502832446945831;0.4754164243637962;jir
[16, 32, 16, 1];0.0012387878086883575;0.4030729889815371;mlir
[16, 32, 16, 1];0.0010534129687584937;0.4740039467620981;tvm
[16, 32, 16, 4];0.0008973837539087981;0.5564195948355126;jir
[16, 32, 16, 4];0.001057121713529341;0.4723409786890598;mlir
[16, 32, 16, 4];0.0012758317752741277;0.39136970440685215;tvm
[16, 32, 32, 1];0.001457946840673685;0.3424829293029498;jir
[16, 32, 32, 1];0.0013655045768246055;0.3656684226742369;mlir
[16, 32, 32, 1];0.0015013389784144238;0.3325843876305954;tvm
[16, 32, 32, 4];0.0016936628089752048;0.29481777725522157;jir
[16, 32, 32, 4];0.00157977404887788;0.3160717224824494;mlir
[16, 32, 32, 4];0.0011360618082107976;0.43952001656344303;tvm
[16, 64, 1, 1];0.0019968757405877113;0.250051565359268;jir
[16, 64, 1, 1];0.001547464809846133;0.32267092704457245;mlir
[16, 64, 1, 1];0.0019308157498016953;0.25860670797469293;tvm
[16, 64, 1, 4];0.001989659358514473;0.2509584882583672;jir
[16, 64, 1, 4];0.0018658896442502737;0.2676052714588785;mlir
[16, 64, 1, 4];0.0019295238889753819;0.25877985114092333;tvm
[16, 64, 2, 1];0.0017362340586259961;0.2875890507280183;jir
[16, 64, 2, 1];0.0013216138613643125;0.3778122486143198;mlir
[16, 64, 2, 1];0.0019988583808299154;0.24980354263746737;tvm
[16, 64, 2, 4];0.001288809027755633;0.38742893167922443;jir
[16, 64, 2, 4];0.001764695014571771;0.2829508218920608;mlir
[16, 64, 2, 4];0.0017508835007902235;0.28518282600558326;tvm
[16, 64, 4, 1];0.001684396993368864;0.2964395607019223;jir
[16, 64, 4, 1];0.0014262414333643392;0.35009633928812595;mlir
[16, 64, 4, 1];0.002005014888709411;0.249036507196866;tvm
[16, 64, 4, 4];0.001296551272389479;0.38511543306858936;jir
[16, 64, 4, 4];0.0018351492763031274;0.2720878956330893;mlir
[16, 64, 4, 4];0.0017849250580184162;0.2797439043834371;tvm
[16, 64, 8, 1];0.0020593373628798872;0.2424672682399286;jir
[16, 64, 8, 1];0.0017128757608588785;0.29151087088273836;mlir
[16, 64, 8, 1];0.001991856755921617;0.25068163324368786;tvm
[16, 64, 8, 4];0.0017912291514221579;0.2787593672007096;jir
[16, 64, 8, 4];0.002111607725964859;0.2364652764915174;mlir
[16, 64, 8, 4];0.0018060881702695042;0.2764659627261697;tvm
[16, 64, 16, 1];0.001111877747462131;0.4490798614340566;jir
[16, 64, 16, 1];0.0016797741409391165;0.29725538249014083;mlir
[16, 64, 16, 1];0.0011101444688392803;0.4497810138927003;tvm
[16, 64, 16, 4];0.001931243168655783;0.2585494736581781;jir
[16, 64, 16, 4];0.0013422833435470238;0.37199441322309174;mlir
[16, 64, 16, 4];0.0020728008821606636;0.24089236407571257;tvm
[16, 128, 1, 1];0.0024583169142715633;0.2031153517527098;jir
[16, 128, 1, 1];0.00158111093332991;0.3158044728147596;mlir
[16, 128, 1, 1];0.002371520211454481;0.21054929338159206;tvm
[16, 128, 1, 4];0.002458501170622185;0.20310012894382268;jir
[16, 128, 1, 4];0.0015873310912866145;0.31456695298343734;mlir
[16, 128, 1, 4];0.002371038484852761;0.21059207092242205;tvm
[16, 128, 2, 1];0.001545262595755048;0.32313077798788337;jir
[16, 128, 2, 1];0.001126956703956239;0.4430710629867233;mlir
[16, 128, 2, 1];0.0013716573594138026;0.3640281600466877;tvm
[16, 128, 2, 4];0.0014984474692028016;0.3332261657644576;jir
[16, 128, 2, 4];0.0025608613796066493;0.19498201220036404;mlir
[16, 128, 2, 4];0.0022941419447306544;0.2176508327694292;tvm
[16, 128, 4, 1];0.0013861773331882432;0.3602150264666727;jir
[16, 128, 4, 1];0.0009423108131159097;0.5298908786908776;mlir
[16, 128, 4, 1];0.001285783713683486;0.38834051127577124;tvm
[16, 128, 4, 4];0.0015204624796751887;0.3284013327764413;jir
[16, 128, 4, 4];0.002578167215688154;0.19367320386495093;mlir
[16, 128, 4, 4];0.0023629147035535425;0.2113160936410375;tvm
[16, 128, 8, 1];0.0025436792348045856;0.19629908438524657;jir
[16, 128, 8, 1];0.002269384451210499;0.22002526037206452;mlir
[16, 128, 8, 1];0.002100003039231524;0.2377719914846537;tvm
[16, 128, 8, 4];0.0016719707928132266;0.2986427196624381;jir
[16, 128, 8, 4];0.0027386270521674305;0.18232563078157232;mlir
[16, 128, 8, 4];0.0023049727315083146;0.21662811795398612;tvm
[16, 256, 1, 1];0.001584398647537455;0.3151491611899403;jir
[16, 256, 1, 1];0.0017177500994876027;0.2906836709896569;mlir
[16, 256, 1, 1];0.0025169032451231033;0.19838740552677964;tvm
[16, 256, 1, 4];0.0015846627939026803;0.3150966291902288;jir
[16, 256, 1, 4];0.002529752819100395;0.19737972065566017;mlir
[16, 256, 1, 4];0.0024887519248295575;0.20063144895251095;tvm
[16, 256, 2, 1];0.0015188157849479467;0.32875738434534224;jir
[16, 256, 2, 1];0.0015596478624502197;0.32015041137392763;mlir
[16, 256, 2, 1];0.002517250570235774;0.19836003243615777;tvm
[16, 256, 2, 4];0.0015199727058643475;0.3285071520267599;jir
[16, 256, 2, 4];0.002540011628298089;0.19658252710302385;mlir
[16, 256, 2, 4];0.0026490513992030174;0.1884908329495338;tvm
[16, 256, 4, 1];0.001578053052071482;0.31641642472441206;jir
[16, 256, 4, 1];0.0015962664620019495;0.31280611141556075;mlir
[16, 256, 4, 1];0.0026444493560120463;0.1888188569868873;tvm
[16, 256, 4, 4];0.0015659293567296118;0.3188661752946001;jir
[16, 256, 4, 4];0.00275707890978083;0.18110540942101566;mlir
[16, 256, 4, 4];0.0024996044230647385;0.19976037014276501;tvm
[32, 16, 1, 1];0.0015170535625657067;0.3291392717323902;jir
[32, 16, 1, 1];0.0015498529974138364;0.32217371943990736;mlir
[32, 16, 1, 1];0.001341518189292401;0.372206585603791;tvm
[32, 16, 1, 4];0.0015163508360274136;0.3292918056286004;jir
[32, 16, 1, 4];0.001689966331468895;0.2954626346478164;mlir
[32, 16, 1, 4];0.001329665697994642;0.3755243934734615;tvm
[32, 16, 2, 1];0.002635225740959868;0.18947974627024905;jir
[32, 16, 2, 1];0.0018351553298998624;0.27208699810121845;mlir
[32, 16, 2, 1];0.0021836180239915848;0.22866723908477368;tvm
[32, 16, 2, 4];0.0019296118116471916;0.258768059849128;jir
[32, 16, 2, 4];0.0029268252837937325;0.1706018830460173;mlir
[32, 16, 2, 4];0.0030784198315814137;0.16220071727688887;tvm
[32, 16, 4, 1];0.0016791603120509535;0.2973640462905087;jir
[32, 16, 4, 1];0.0013634895585710183;0.36620882178607256;mlir
[32, 16, 4, 1];0.0018116784340236336;0.275612876647728;tvm
[32, 16, 4, 4];0.001286529251956381;0.388115469588121;jir
[32, 16, 4, 4];0.0013570361479651183;0.3679503346396779;mlir
[32, 16, 4, 4];0.001318973270826973;0.37856863046878786;tvm
[32, 16, 8, 1];0.0013601230748463422;0.36711523684598535;jir
[32, 16, 8, 1];0.0019611413299571723;0.2546078128763974;mlir
[32, 16, 8, 1];0.0013686676393263042;0.36482334382340237;tvm
[32, 16, 8, 4];0.0018558741139713675;0.2690494473751835;jir
[32, 16, 8, 4];0.0018397978565189987;0.27140041662329684;mlir
[32, 16, 8, 4];0.0022115629981271923;0.22577783458338888;tvm
[32, 16, 16, 1];0.0014001171075506136;0.3566286720368885;jir
[32, 16, 16, 1];0.0019069837871938944;0.2618385683795726;mlir
[32, 16, 16, 1];0.0014029069570824504;0.3559194729494517;tvm
[32, 16, 16, 4];0.0031929058604873717;0.15638478758208274;jir
[32, 16, 16, 4];0.0018626586825121194;0.2680694586989401;mlir
[32, 16, 16, 4];0.0017298322927672416;0.28865336070419356;tvm
[32, 16, 32, 1];0.001809712266549468;0.2759123171077074;jir
[32, 16, 32, 1];0.0017508248274680227;0.2851923830004201;mlir
[32, 16, 32, 1];0.0018735785561148077;0.26650705577957506;tvm
[32, 16, 32, 4];0.0037561345379799604;0.13293504258514627;jir
[32, 16, 32, 4];0.001979585678782314;0.2522355612660567;mlir
[32, 16, 32, 4];0.0015791254118084908;0.3162015512055228;tvm
[32, 32, 1, 1];0.0029498468211386353;0.16927045200576465;jir
[32, 32, 1, 1];0.001748158218106255;0.28562741037410805;mlir
[32, 32, 1, 1];0.0024760387022979558;0.20166159127419753;tvm
[32, 32, 1, 4];0.0029247583588585258;0.17072244729194655;jir
[32, 32, 1, 4];0.0027810668107122183;0.17954329714000317;mlir
[32, 32, 1, 4];0.002471214276738465;0.2020552849107505;tvm
[32, 32, 2, 1];0.001532456197310239;0.3258311106303153;jir
[32, 32, 2, 1];0.0011696042929543182;0.4269152462673177;mlir
[32, 32, 2, 1];0.0028558565536513925;0.1748413813444132;tvm
[32, 32, 2, 4];0.001853111753007397;0.2694505088274143;jir
[32, 32, 2, 4];0.002884524583350867;0.17310370923649998;mlir
[32, 32, 2, 4];0.002750534418737516;0.18153632303612166;tvm
[32, 32, 4, 1];0.0009942905453499407;0.5021891308301322;jir
[32, 32, 4, 1];0.0009418523113708943;0.530148834093879;mlir
[32, 32, 4, 1];0.0026009332796093076;0.19197797524314392;tvm
[32, 32, 4, 4];0.001546687024529092;0.32283318916050874;jir
[32, 32, 4, 4];0.0031948393443599343;0.15629014511899994;mlir
[32, 32, 4, 4];0.002685847081011161;0.18590853823811937;tvm
[32, 32, 8, 1];0.0010121267841896042;0.493339285711824;jir
[32, 32, 8, 1];0.0016689705080352724;0.29917958547374884;mlir
[32, 32, 8, 1];0.0009635584719944745;0.5182061278838178;tvm
[32, 32, 8, 4];0.0022446271614171565;0.22245204608798166;jir
[32, 32, 8, 4];0.0017234329716302454;0.2897251665607753;mlir
[32, 32, 8, 4];0.0029968255548737943;0.166616940365397;tvm
[32, 32, 16, 1];0.0010382504406152293;0.48092626328771393;jir
[32, 32, 16, 1];0.0019475189037621021;0.256388733273574;mlir
[32, 32, 16, 1];0.001131804339820519;0.4411733434783321;tvm
[32, 32, 16, 4];0.0028086922829970717;0.17777736200745112;jir
[32, 32, 16, 4];0.002930135582573712;0.17040914684341013;mlir
[32, 32, 16, 4];0.002949366346001625;0.16929802750303358;tvm
[32, 64, 1, 1];0.0025278317916672677;0.1975297195042277;jir
[32, 64, 1, 1];0.0018410811899229884;0.27121123581887835;mlir
[32, 64, 1, 1];0.0028170609730295837;0.17724923583209254;tvm
[32, 64, 1, 4];0.0025277361855842173;0.19753719063308822;jir
[32, 64, 1, 4];0.0026608106854837388;0.18765780951121197;mlir
[32, 64, 1, 4];0.0028020566096529365;0.1781983643877027;tvm
[32, 64, 2, 1];0.0026034306501969695;0.19179381817761393;jir
[32, 64, 2, 1];0.001709039235720411;0.29216526708436025;mlir
[32, 64, 2, 1];0.0026445785188116133;0.1888096349607663;tvm
[32, 64, 2, 4];0.0016173793410416692;0.30872281603418883;jir
[32, 64, 2, 4];0.0025743519654497504;0.19396023211405403;mlir
[32, 64, 2, 4];0.0025441319739911705;0.1962641521220226;tvm
[32, 64, 4, 1];0.0025476483278907835;0.19599326143074738;jir
[32, 64, 4, 1];0.0017352770082652569;0.28774766356241477;mlir
[32, 64, 4, 1];0.0026993722713086754;0.18497704450369487;tvm
[32, 64, 4, 4];0.001617198227904737;0.30875739049555645;jir
[32, 64, 4, 4];0.00273205668781884;0.18276410844188687;mlir
[32, 64, 4, 4];0.0025775718968361616;0.19371793484201041;tvm
[32, 64, 8, 1];0.0009170790144708008;0.5444698841462835;jir
[32, 64, 8, 1];0.0014426725829252973;0.3461089582429252;mlir
[32, 64, 8, 1];0.0009609493281459436;0.5196131472668771;tvm
[32, 64, 8, 4];0.0023455959744751453;0.2128763479284338;jir
[32, 64, 8, 4];0.002515478467103094;0.19849977302208432;mlir
[32, 64, 8, 4];0.0035678158747032285;0.13995170218907063;tvm
[32, 128, 1, 1];0.00258056671009399;0.19349312025485998;jir
[32, 128, 1, 1];0.0016853249398991466;0.29627633991566354;mlir
[32, 128, 1, 1];0.0025590764125809073;0.19511801300935883;tvm
[32, 128, 1, 4];0.002580475324066356;0.19349997270079106;jir
[32, 128, 1, 4];0.0025394446856807917;0.19662641504949463;mlir
[32, 128, 1, 4];0.00257442012662068;0.19395509676089315;tvm
[32, 128, 2, 1];0.0015520655579166487;0.32171444190292386;jir
[32, 128, 2, 1];0.0012297916691750288;0.4060215378567826;mlir
[32, 128, 2, 1];0.0028135025640949607;0.17747341379179626;tvm
[32, 128, 2, 4];0.0016100435750558972;0.31012943531330783;jir
[32, 128, 2, 4];0.002846298390068114;0.17542851673747237;mlir
[32, 128, 2, 4];0.0027136191201861948;0.1840058912643731;tvm
[32, 128, 4, 1];0.0012791868939530104;0.390343199357581;jir
[32, 128, 4, 1];0.001191801915410906;0.41896383812216814;mlir
[32, 128, 4, 1];0.003137519466690719;0.1591454364069848;tvm
[32, 128, 4, 4];0.0017225528717972338;0.28987319514955434;jir
[32, 128, 4, 4];0.0029802339849993587;0.16754453082381457;mlir
[32, 128, 4, 4];0.0025807500642258674;0.19347937318048017;tvm
[32, 256, 1, 1];0.001663991657551378;0.3000747644953187;jir
[32, 256, 1, 1];0.0017163066077046096;0.29092814915494525;mlir
[32, 256, 1, 1];0.002774046326521784;0.17999768064002578;tvm
[32, 256, 1, 4];0.001759909006068483;0.28372029635631896;jir
[32, 256, 1, 4];0.002779112139251083;0.17966957781576326;mlir
[32, 256, 1, 4];0.0027680125494953245;0.1803900436986614;tvm
[32, 256, 2, 1];0.0016281665011774749;0.30667742175066237;jir
[32, 256, 2, 1];0.0016660037799738348;0.2997123480534641;mlir
[32, 256, 2, 1];0.0027428788889665157;0.182043001158554;tvm
[32, 256, 2, 4];0.0018014012312050909;0.2771852800543893;jir
[32, 256, 2, 4];0.0030378222872968763;0.16436837232049306;mlir
[32, 256, 2, 4];0.0031665590940974653;0.15768595814069966;tvm
[64, 16, 1, 1];0.004071612318512052;0.12263493321593524;jir
[64, 16, 1, 1];0.002905405417550355;0.17185963161826132;mlir
[64, 16, 1, 1];0.003275003226008266;0.15246455356030372;tvm
[64, 16, 1, 4];0.004072468203958124;0.12260915979076338;jir
[64, 16, 1, 4];0.0036912684445269406;0.13527108967169577;mlir
[64, 16, 1, 4];0.003271963680163026;0.1526061880787827;tvm
[64, 16, 2, 1];0.005098941444884986;0.09792658145992256;jir
[64, 16, 2, 1];0.00288403092417866;0.17313333937433634;mlir
[64, 16, 2, 1];0.005082445568405092;0.0982444175823403;tvm
[64, 16, 2, 4];0.005735552520491183;0.08705733283375874;jir
[64, 16, 2, 4];0.00445128430146724;0.11217479517031016;mlir
[64, 16, 2, 4];0.0076659134356305;0.06513534348576125;tvm
[64, 16, 4, 1];0.0018695683975238353;0.2670787040598438;jir
[64, 16, 4, 1];0.0029990514158271253;0.1664932792171534;mlir
[64, 16, 4, 1];0.0020181983418297023;0.24740972897104782;tvm
[64, 16, 4, 4];0.004090910602826625;0.12205642049887304;jir
[64, 16, 4, 4];0.004841257759835571;0.10313888033486236;mlir
[64, 16, 4, 4];0.005467369861435145;0.09132762505861207;tvm
[64, 16, 8, 1];0.0013783291942672804;0.362266073183877;jir
[64, 16, 8, 1];0.002827204909408465;0.1766132702657119;mlir
[64, 16, 8, 1];0.001390810270095244;0.35901511190862195;tvm
[64, 16, 8, 4];0.00662523356731981;0.07536668702895281;jir
[64, 16, 8, 4];0.004913294338621199;0.10162670305276841;mlir
[64, 16, 8, 4];0.007311451714485884;0.06829312758403622;tvm
[64, 16, 16, 1];0.0013711734936805442;0.36415661990490367;jir
[64, 16, 16, 1];0.0030368175357580185;0.16442275470372286;mlir
[64, 16, 16, 1];0.0014065442665014416;0.35499906874874954;tvm
[64, 16, 16, 4];0.008286281954497099;0.06025886006581211;jir
[64, 16, 16, 4];0.0053621846018359065;0.09311911876195884;mlir
[64, 16, 16, 4];0.009052473469637334;0.055158615646504504;tvm
[64, 32, 1, 1];0.003606582584325224;0.13844737867144272;jir
[64, 32, 1, 1];0.0021475848043337464;0.2325039289504618;mlir
[64, 32, 1, 1];0.00306220690254122;0.1630594929256853;tvm
[64, 32, 1, 4];0.0036059466656297445;0.13847179425065148;jir
[64, 32, 1, 4];0.002525676740333438;0.19769826311817904;mlir
[64, 32, 1, 4];0.003062250296352431;0.1630571822808433;tvm
[64, 32, 2, 1];0.003400092013180256;0.14685540944960104;jir
[64, 32, 2, 1];0.0013230641634436324;0.3773981024943525;mlir
[64, 32, 2, 1];0.0032789819524623454;0.15227955261752507;tvm
[64, 32, 2, 4];0.004958009987603873;0.1007101449997722;jir
[64, 32, 2, 4];0.002969766646856442;0.16813506384094087;mlir
[64, 32, 2, 4];0.007311302702873945;0.06829451946581695;tvm
[64, 32, 4, 1];0.0012012156075797975;0.4156805003291089;jir
[64, 32, 4, 1];0.0011713398853316903;0.4262826793612607;mlir
[64, 32, 4, 1];0.001274041089345701;0.391919781031817;tvm
[64, 32, 4, 4];0.0037091949488967657;0.13461732576510146;jir
[64, 32, 4, 4];0.0033069320488721132;0.1509924901336292;mlir
[64, 32, 4, 4];0.00441238924395293;0.11316361208300312;tvm
[64, 32, 8, 1];0.0009260188235202804;0.5392135581690681;jir
[64, 32, 8, 1];0.0016249714826699346;0.3072804108177247;mlir
[64, 32, 8, 1];0.0010180198005400598;0.49048349010207304;tvm
[64, 32, 8, 4];0.004947215667925775;0.10092988425775586;jir
[64, 32, 8, 4];0.003445759881287813;0.14490908303665342;mlir
[64, 32, 8, 4];0.005815827578771859;0.0858556925904168;tvm
[64, 64, 1, 1];0.003095505089731887;0.16130547044429278;jir
[64, 64, 1, 1];0.0019380668818484992;0.2576391503505075;mlir
[64, 64, 1, 1];0.002744962286669761;0.1819048324221938;tvm
[64, 64, 1, 4];0.0030963826284278184;0.16125975523103694;jir
[64, 64, 1, 4];0.00218417338328436;0.2286090969623804;mlir
[64, 64, 1, 4];0.002749966166447848;0.18157383565445193;tvm
[64, 64, 2, 1];0.001915303320856765;0.2607012160029802;jir
[64, 64, 2, 1];0.0018282188102602959;0.2731193344908277;mlir
[64, 64, 2, 1];0.001978343934752047;0.2523938815646262;tvm
[64, 64, 2, 4];0.004640620609279722;0.10759808801508669;jir
[64, 64, 2, 4];0.0025043305358849466;0.1993833871396138;mlir
[64, 64, 2, 4];0.006630233721807599;0.07530984965425544;tvm
[64, 64, 4, 1];0.0010081594082294032;0.4952807072830349;jir
[64, 64, 4, 1];0.002257001120597124;0.22123245762049137;mlir
[64, 64, 4, 1];0.0010553869942668825;0.47311735645250713;tvm
[64, 64, 4, 4];0.003489394672214985;0.1430969986679515;jir
[64, 64, 4, 4];0.002507003693608567;0.19917078943078206;mlir
[64, 64, 4, 4];0.004082715720869601;0.12230141378923913;tvm
[64, 128, 1, 1];0.0029751136898994446;0.16783288196922022;jir
[64, 128, 1, 1];0.0017910858732648194;0.2787816665940941;mlir
[64, 128, 1, 1];0.0027087813650723547;0.1843345170637525;tvm
[64, 128, 1, 4];0.0029749089444521815;0.16784443291720752;jir
[64, 128, 1, 4];0.001917955989483744;0.2603406478040756;mlir
[64, 128, 1, 4];0.002721597527852282;0.1834664749846165;tvm
[64, 128, 2, 1];0.0018340920214541256;0.27224473958838047;jir
[64, 128, 2, 1];0.0015125545905902982;0.3301182700235874;mlir
[64, 128, 2, 1];0.0018810030887834728;0.2654551221842162;tvm
[64, 128, 2, 4];0.004860939516220242;0.10272127499133467;jir
[64, 128, 2, 4];0.0021863311994820833;0.228383469476257;mlir
[64, 128, 2, 4];0.006200573581736535;0.08052834115744249;tvm
[64, 256, 1, 1];0.003531372465658933;0.1413959896945434;jir
[64, 256, 1, 1];0.0036267995019443333;0.13767562957208346;mlir
[64, 256, 1, 1];0.004085794265847653;0.12220926269725274;tvm
[64, 256, 1, 4];0.003531940805260092;0.1413732370650914;jir
[64, 256, 1, 4];0.004127195570617914;0.12098333995041273;mlir
[64, 256, 1, 4];0.0041152219055220485;0.12133535353023979;tvm
[128, 16, 1, 1];0.0103448600275442;0.04826763275988379;jir
[128, 16, 1, 1];0.0032772308913990855;0.1523609172830477;mlir
[128, 16, 1, 1];0.010388458846136928;0.04806506067524959;tvm
[128, 16, 1, 4];0.01034172356594354;0.048282271478056915;jir
[128, 16, 1, 4];0.004187649814411998;0.1192367859995037;mlir
[128, 16, 1, 4];0.010375110083259642;0.04812690185982377;tvm
[128, 16, 2, 1];0.005242759769316763;0.09524027930560253;jir
[128, 16, 2, 1];0.00319168611895293;0.15644455192408244;mlir
[128, 16, 2, 1];0.005251966591458768;0.09507332083451332;tvm
[128, 16, 2, 4];0.010273961001075804;0.048600720278149774;jir
[128, 16, 2, 4];0.004858834436163306;0.10276577877310543;mlir
[128, 16, 2, 4];0.010343255125917494;0.048275122162532234;tvm
[128, 16, 4, 1];0.0019563704263418913;0.2552287123331542;jir
[128, 16, 4, 1];0.003100640751654282;0.16103829651838963;mlir
[128, 16, 4, 1];0.0020881640957668424;0.23912005084951785;tvm
[128, 16, 4, 4];0.010247986414469779;0.04872390385460315;jir
[128, 16, 4, 4];0.005426948599051684;0.09200785591541392;mlir
[128, 16, 4, 4];0.010357556166127324;0.048208467012214186;tvm
[128, 16, 8, 1];0.0015377744857687503;0.32470424589746544;jir
[128, 16, 8, 1];0.003908616025000811;0.12774902972511892;mlir
[128, 16, 8, 1];0.0018242383666802198;0.27371527421089126;tvm
[128, 16, 8, 4];0.01023357268422842;0.04879253025010904;jir
[128, 16, 8, 4];0.005989296128973365;0.08336904604639984;mlir
[128, 16, 8, 4];0.010452745715156198;0.04776944913506329;tvm
[128, 32, 1, 1];0.006713690469041467;0.07437368568962258;jir
[128, 32, 1, 1];0.002282467932673171;0.21876403940409847;mlir
[128, 32, 1, 1];0.006666756118647754;0.07489728075776445;tvm
[128, 32, 1, 4];0.006718138698488474;0.07432444121379157;jir
[128, 32, 1, 4];0.002970310248201713;0.16810429316742403;mlir
[128, 32, 1, 4];0.006650853902101517;0.07507636043608333;tvm
[128, 32, 2, 1];0.003397930006030947;0.14694884940998315;jir
[128, 32, 2, 1];0.002768185135209933;0.18037879707205254;mlir
[128, 32, 2, 1];0.002825151343131438;0.17674164818669477;tvm
[128, 32, 2, 4];0.006893774145282805;0.07243084763715028;jir
[128, 32, 2, 4];0.0034077081363648176;0.14652719211292486;mlir
[128, 32, 2, 4];0.006333597702905536;0.07883700989294616;tvm
[128, 32, 4, 1];0.001338305781246163;0.373100013284678;jir
[128, 32, 4, 1];0.0037414938560687006;0.1334552250973244;mlir
[128, 32, 4, 1];0.0013577982317656279;0.367743817218414;tvm
[128, 32, 4, 4];0.0068466413067653775;0.07292946751402171;jir
[128, 32, 4, 4];0.0039459471008740366;0.1265404456768576;mlir
[128, 32, 4, 4];0.006414403556846082;0.07784385568148099;tvm
[128, 64, 1, 1];0.003914899541996419;0.12754398916383777;jir
[128, 64, 1, 1];0.001987388008274138;0.2512453042300077;mlir
[128, 64, 1, 1];0.003951085556764156;0.126375877613452;tvm
[128, 64, 1, 4];0.003910707891918719;0.127680695813085;jir
[128, 64, 1, 4];0.002530868659960106;0.19729269742894345;mlir
[128, 64, 1, 4];0.00393294362584129;0.126958825822248;tvm
[128, 64, 2, 1];0.0018918311689049006;0.2639357639143564;jir
[128, 64, 2, 1];0.002109975670464337;0.23664818118590927;mlir
[128, 64, 2, 1];0.0019773223611991853;0.2525242795813432;tvm
[128, 64, 2, 4];0.0037849603686481714;0.13192262431541432;jir
[128, 64, 2, 4];0.002969333465443924;0.16815959223604907;mlir
[128, 64, 2, 4];0.0039262319332920015;0.12717585543736376;tvm
[128, 128, 1, 1];0.003613274951931089;0.13819095181091762;jir
[128, 128, 1, 1];0.0036641854094341397;0.13627091671625183;mlir
[128, 128, 1, 1];0.0036765809054486454;0.13581148289757916;tvm
[128, 128, 1, 4];0.0036122064921073616;0.1382318275139914;jir
[128, 128, 1, 4];0.0038204739685170352;0.1306963242981401;mlir
[128, 128, 1, 4];0.003715941042173654;0.13437293517171212;tvm
[256, 16, 1, 1];0.010272938874550164;0.048605555903667275;jir
[256, 16, 1, 1];0.003476969781331718;0.14360835329741028;mlir
[256, 16, 1, 1];0.01025693432893604;0.04868139823741075;tvm
[256, 16, 1, 4];0.0102704802993685;0.04861719123229383;jir
[256, 16, 1, 4];0.0044144170242361724;0.11311162992089596;mlir
[256, 16, 1, 4];0.010270075290463865;0.04861910849139959;tvm
[256, 16, 2, 1];0.005224707769230008;0.09556934604124134;jir
[256, 16, 2, 1];0.00355700176442042;0.1403771878205027;mlir
[256, 16, 2, 1];0.004629267088603228;0.10786197797728783;tvm
[256, 16, 2, 4];0.010273045394569635;0.04860505191828004;jir
[256, 16, 2, 4];0.005417383334133774;0.09217031063978512;mlir
[256, 16, 2, 4];0.010312886559404433;0.04841727889526407;tvm
[256, 16, 4, 1];0.0020240905578248203;0.2466895084469436;jir
[256, 16, 4, 1];0.003332191437948495;0.14984790461778466;mlir
[256, 16, 4, 1];0.0023095602518878877;0.21619782569159976;tvm
[256, 16, 4, 4];0.010272687184624374;0.048606746782795446;jir
[256, 16, 4, 4];0.009544692933559418;0.052314087864081454;mlir
[256, 16, 4, 4];0.01046341983601451;0.047720717756470646;tvm
[256, 32, 1, 1];0.0066507934825494885;0.07507704247200542;jir
[256, 32, 1, 1];0.0022492996067740023;0.22198994889704526;mlir
[256, 32, 1, 1];0.006226730591151863;0.08019006081159788;tvm
[256, 32, 1, 4];0.0066464891424402595;0.07512566319766509;jir
[256, 32, 1, 4];0.003346289973706007;0.14921656780655715;mlir
[256, 32, 1, 4];0.006499670445919037;0.0768226495353184;tvm
[256, 32, 2, 1];0.0033938262495212257;0.1471265374390764;jir
[256, 32, 2, 1];0.0024076324480120093;0.20739125075930784;mlir
[256, 32, 2, 1];0.002446799917379394;0.2040714082157954;tvm
[256, 32, 2, 4];0.006710738409310579;0.0744064027393972;jir
[256, 32, 2, 4];0.005066593468654901;0.09855179971533551;mlir
[256, 32, 2, 4];0.005978287197649479;0.08352256896561047;tvm
[256, 64, 1, 1];0.003932456718757749;0.12697454555066;jir
[256, 64, 1, 1];0.003728400042746216;0.13392390812068566;mlir
[256, 64, 1, 1];0.0040056685684248805;0.12465382400777342;tvm
[256, 64, 1, 4];0.003941246774047613;0.1266913576814951;jir
[256, 64, 1, 4];0.004337465215940028;0.11511836519793052;mlir
[256, 64, 1, 4];0.003973767510615289;0.12565453399778562;tvm
